Accelerometr_X,Accelerometr_Y,Accelerometr_Z,Accelerometer_Mean,Accelerometr_Std_X,Accelerometr_Std_Y,Accelerometr_Std_Z,Audio level mean,Light sensor mean,Light sensor std,Proximity,Screen mode,Sleeping,Timing,
-3368,-2205,4318,5903.44,3896,5180,11001,45,17,27,1,on,0,20:08,
216,352,7962,7972.70,470,530,8292,48,25,25,0,on,0,,
597,603,7913,7958.37,732,754,8425,42,23,22,1,on,0,,
-1902,-2726,5032,6030.73,3531,4220,10764,42,21,22,1,on,0,,
-5542,-1801,2127,6203.35,5011,6209,18992,30,0,0,0,off,1,,
-1207,366,7988,8086.96,-1056,470,8441,31,0,0,0,off,1,,
-160,53,8136,8137.75,-44,78,8168,37,0,1,0,off,1,,
-345,159,7990,7999.03,-133,520,8168,32,1,0,0,off,1,,
-1207,366,7988,8086.96,-1056,470,8441,39,1,1,0,off,1,,
-160,53,8136,8137.75,-44,78,8168,38,1,0,0,off,1,,
332,-223,8027,8036.96,500,-112,8233,33,0,0,0,off,1,,
285,449,7986,8003.69,332,513,8230,34,1,1,0,off,1,,
54,408,7731,7741.95,353,659,8275,36,0,0,0,off,1,,
-104,394,8062,8072.29,-38,448,8188,35,0,0,0,off,1,,
-131,378,7894,7904.13,-31,465,8321,31,0,1,0,off,1,,
-228,142,7089,7094.09,366,465,8826,32,1,0,0,off,1,,
-246,120,7089,7094.28,366,476,8826,32,1,1,0,off,1,,
108,230,7898,7902.09,152,290,8291,39,1,0,0,off,1,,
43,123,7898,7899.07,236,435,8418,38,0,0,0,off,1,,
13,28,8096,8096.06,74,395,8216,33,1,1,0,off,1,,
27,301,8037,8042.68,80,374,8228,34,0,0,0,off,1,,
3,275,8026,8030.71,96,374,8228,37,0,0,0,off,1,,
-94,533,8021,8039.24,9,608,8205,31,0,1,0,off,1,,
-611,-792,7521,7587.23,901,948,8489,30,1,0,0,off,1,,
-99,398,7949,7959.57,-22,463,8322,31,1,1,0,off,1,,
-232,267,7453,7461.39,98,597,8561,37,1,0,0,off,1,,
-136,375,8047,8056.88,-64,435,8378,32,0,0,0,off,1,,
-709,207,7794,7828.92,432,1004,8473,39,1,1,0,off,1,,
-1231,-227,5017,5170.80,770,1004,8601,38,0,0,0,off,1,,
-120,340,7845,7853.28,100,552,8756,33,0,0,0,off,1,,
-5542,-1801,2127,6203.35,5011,6209,18992,34,0,1,0,off,1,,
-1207,366,7988,8086.96,-1056,470,8441,36,1,0,0,off,1,,
-160,53,8136,8137.75,-44,78,8168,35,1,1,0,off,1,,
-345,159,7990,7999.03,-133,520,8168,31,1,0,0,off,1,,
-1207,366,7988,8086.96,-1056,470,8441,32,0,0,0,off,1,,
-160,53,8136,8137.75,-44,78,8168,32,1,1,0,off,1,,
332,-223,8027,8036.96,500,-112,8233,39,0,0,0,off,1,,
285,449,7986,8003.69,332,513,8230,38,0,0,0,off,1,,
54,408,7731,7741.95,353,659,8275,33,0,1,0,off,1,,
-104,394,8062,8072.29,-38,448,8188,34,1,0,0,off,1,,
-131,378,7894,7904.13,-31,465,8321,37,1,1,0,off,1,,
-228,142,7089,7094.09,366,465,8826,31,1,0,0,off,1,,
-246,120,7089,7094.28,366,476,8826,30,0,0,0,off,1,,
108,230,7898,7902.09,152,290,8291,33,1,1,0,off,1,,
43,123,7898,7899.07,236,435,8418,37,0,0,0,off,1,,
13,28,8096,8096.06,74,395,8216,32,0,0,0,off,1,,
27,301,8037,8042.68,80,374,8228,35,0,1,0,off,1,,
3,275,8026,8030.71,96,374,8228,33,1,0,0,off,1,,
-94,533,8021,8039.24,9,608,8205,31,1,1,0,off,1,,
-611,-792,7521,7587.23,901,948,8489,39,1,0,0,off,1,,
-99,398,7949,7959.57,-22,463,8322,36,0,0,0,off,1,,
-232,267,7453,7461.39,98,597,8561,34,1,1,0,off,1,,
-136,375,8047,8056.88,-64,435,8378,31,0,0,0,off,1,,
-709,207,7794,7828.92,432,1004,8473,31,0,0,0,off,1,,
-1231,-227,5017,5170.80,770,1004,8601,30,0,1,0,off,1,,
-120,340,7845,7853.28,100,552,8756,31,1,0,0,off,1,,
-5442,-1701,2227,6121.14,5111,6309,19092,37,1,1,0,off,1,,
-1107,466,8088,8176.70,-956,570,8541,32,1,0,0,off,1,,
-60,153,8236,8237.64,56,178,8268,39,0,0,0,off,1,,
-245,259,8090,8097.85,-33,620,8268,38,1,1,0,off,1,,
-1107,466,8088,8176.70,-956,570,8541,33,0,0,0,off,1,,
-60,153,8236,8237.64,56,178,8268,34,0,0,0,off,1,,
432,-123,8127,8139.40,600,-12,8333,36,0,1,0,off,1,,
385,549,8086,8113.76,432,613,8330,35,1,0,0,off,1,,
154,508,7831,7848.97,453,759,8375,31,1,1,0,off,1,,
-4,494,8162,8176.94,62,548,8288,32,1,0,0,off,1,,
-31,478,7994,8008.34,69,565,8421,32,0,0,0,off,1,,
-128,242,7189,7194.21,466,565,8926,39,1,1,0,off,1,,
-146,220,7189,7193.85,466,576,8926,38,0,0,0,off,1,,
208,330,7998,8007.51,252,390,8391,33,0,0,0,off,1,,
143,223,7998,8002.39,336,535,8518,34,0,1,0,off,1,,
113,128,8196,8197.78,174,495,8316,37,1,0,0,off,1,,
127,401,8137,8147.86,180,474,8328,31,1,1,0,off,1,,
103,375,8126,8135.30,196,474,8328,30,1,0,0,off,1,,
6,633,8121,8145.63,109,708,8305,31,0,0,0,off,1,,
-511,-692,7621,7669.40,1001,1048,8589,37,1,1,0,off,1,,
1,498,8049,8064.39,78,563,8422,32,0,0,0,off,1,,
-132,367,7553,7563.06,198,697,8661,39,0,0,0,off,1,,
-36,475,8147,8160.91,36,535,8478,38,0,1,0,off,1,,
-609,307,7894,7923.41,532,1104,8573,33,1,0,0,off,1,,
-1131,-127,5117,5242.04,870,1104,8701,34,1,1,0,off,1,,
-20,440,7945,7957.20,200,652,8856,36,1,0,0,off,1,,
-5592,-1851,2077,6245.85,4961,6159,18942,35,0,0,0,off,1,,
-1257,316,7938,8043.12,-1106,420,8391,31,1,1,0,off,1,,
-210,3,8086,8088.73,-94,28,8118,32,0,0,0,off,1,,
-395,109,7940,7950.57,-183,470,8118,32,0,0,0,off,1,,
-1257,316,7938,8043.12,-1106,420,8391,39,0,1,0,off,1,,
-210,3,8086,8088.73,-94,28,8118,38,1,0,0,off,1,,
282,-273,7977,7986.65,450,-162,8183,33,1,1,0,off,1,,
235,399,7936,7949.50,282,463,8180,34,1,0,0,off,1,,
4,358,7681,7689.34,303,609,8225,37,0,0,0,off,1,,
-154,344,8012,8020.86,-88,398,8138,31,1,1,0,off,1,,
-181,328,7844,7852.94,-81,415,8271,30,0,0,0,off,1,,
-278,92,7039,7045.09,316,415,8776,33,0,0,0,off,1,,
-296,70,7039,7045.57,316,426,8776,37,0,1,0,off,1,,
58,180,7848,7850.28,102,240,8241,32,1,0,0,off,1,,
-7,73,7848,7848.34,186,385,8368,35,1,1,0,off,1,,
-37,-22,8046,8046.12,24,345,8166,33,1,0,0,off,1,,
-23,251,7987,7990.98,30,324,8178,31,0,0,0,off,1,,
-47,225,7976,7979.31,46,324,8178,39,1,1,0,off,1,,
-144,483,7971,7986.92,-41,558,8155,36,0,0,0,off,1,,
-661,-842,7471,7547.30,851,898,8439,34,0,0,0,off,1,,
-149,348,7899,7908.07,-72,413,8272,31,0,1,0,off,1,,
-282,217,7403,7411.55,48,547,8511,30,1,0,0,off,1,,
-186,325,7997,8005.76,-114,385,8328,31,1,1,0,off,1,,
-759,157,7744,7782.69,382,954,8423,37,1,0,0,off,1,,
-1281,-277,4967,5137.00,720,954,8551,32,0,0,0,off,1,,
-170,290,7795,7802.24,50,502,8706,39,1,1,0,off,1,,
-5392,-1651,2277,6081.46,5161,6359,19142,38,0,0,0,off,1,,
-1057,516,8138,8222.56,-906,620,8591,33,0,0,0,off,1,,
-10,203,8286,8288.49,106,228,8318,34,0,1,0,off,1,,
-195,309,8140,8148.20,17,670,8318,36,1,0,0,off,1,,
-1057,516,8138,8222.56,-906,620,8591,35,1,1,0,off,1,,
-10,203,8286,8288.49,106,228,8318,31,1,0,0,off,1,,
482,-73,8177,8191.52,650,38,8383,32,0,0,0,off,1,,
435,599,8136,8169.61,482,663,8380,32,1,1,0,off,1,,
204,558,7881,7903.36,503,809,8425,39,0,0,0,off,1,,
46,544,8212,8230.13,112,598,8338,38,0,0,0,off,1,,
19,528,8044,8061.33,119,615,8471,33,0,1,0,off,1,,
-78,292,7239,7245.31,516,615,8976,34,1,0,0,off,1,,
-96,270,7239,7244.67,516,626,8976,37,1,1,0,off,1,,
258,380,8048,8061.10,302,440,8441,31,1,0,0,off,1,,
193,273,8048,8054.94,386,585,8568,30,0,0,0,off,1,,
163,178,8246,8249.53,224,545,8366,31,1,1,0,off,1,,
177,451,8187,8201.32,230,524,8378,37,0,0,0,off,1,,
153,425,8176,8188.47,246,524,8378,32,0,0,0,off,1,,
56,683,8171,8199.69,159,758,8355,39,0,1,0,off,1,,
-461,-642,7671,7711.61,1051,1098,8639,38,1,0,0,off,1,,
51,548,8099,8117.68,128,613,8472,33,1,1,0,off,1,,
-82,417,7603,7614.87,248,747,8711,34,1,0,0,off,1,,
14,525,8197,8213.81,86,585,8528,36,0,0,0,off,1,,
-559,357,7944,7971.64,582,1154,8623,35,1,1,0,off,1,,
-1081,-77,5167,5279.43,920,1154,8751,31,0,0,0,off,1,,
30,490,7995,8010.06,250,702,8906,32,0,0,0,off,1,,
-5467,-1726,2202,6141.33,5086,6284,19067,32,0,1,0,off,1,,
-1132,441,8063,8154.01,-981,545,8516,39,1,0,0,off,1,,
-85,128,8211,8212.44,31,153,8243,38,1,1,0,off,1,,
-270,234,8065,8072.91,-58,595,8243,33,1,0,0,off,1,,
-1132,441,8063,8154.01,-981,545,8516,34,0,0,0,off,1,,
-85,128,8211,8212.44,31,153,8243,37,1,1,0,off,1,,
407,-148,8102,8113.57,575,-37,8308,31,0,0,0,off,1,,
360,524,8061,8086.03,407,588,8305,30,0,0,0,off,1,,
129,483,7806,7821.99,428,734,8350,33,0,1,0,off,1,,
-29,469,8137,8150.56,37,523,8263,37,1,0,0,off,1,,
-56,453,7969,7982.06,44,540,8396,32,1,1,0,off,1,,
-153,217,7164,7168.92,441,540,8901,35,1,0,0,off,1,,
-171,195,7164,7168.69,441,551,8901,33,0,0,0,off,1,,
183,305,7973,7980.93,227,365,8366,31,1,1,0,off,1,,
118,198,7973,7976.33,311,510,8493,39,0,0,0,off,1,,
88,103,8171,8172.12,149,470,8291,36,0,0,0,off,1,,
102,376,8112,8121.35,155,449,8303,34,0,1,0,off,1,,
78,350,8101,8108.93,171,449,8303,31,1,0,0,off,1,,
-19,608,8096,8118.82,84,683,8280,30,1,1,0,off,1,,
-536,-717,7596,7648.57,976,1023,8564,31,1,0,0,off,1,,
-24,473,8024,8037.96,53,538,8397,37,0,0,0,off,1,,
-157,342,7528,7537.40,173,672,8636,32,1,1,0,off,1,,
-61,450,8122,8134.69,11,510,8453,39,0,0,0,off,1,,
-634,282,7869,7899.53,507,1079,8548,38,0,0,0,off,1,,
-1156,-152,5092,5223.78,845,1079,8676,33,0,1,0,off,1,,
-45,415,7920,7930.99,175,627,8831,34,1,0,0,off,1,,
-5367,-1626,2302,6061.99,5186,6384,19167,36,1,1,0,off,1,,
-1032,541,8163,8245.74,-881,645,8616,35,1,0,0,off,1,,
15,228,8311,8314.14,131,253,8343,31,0,0,0,off,1,,
-170,334,8165,8173.60,42,695,8343,32,1,1,0,off,1,,
-1032,541,8163,8245.74,-881,645,8616,32,0,0,0,off,1,,
15,228,8311,8314.14,131,253,8343,39,0,0,0,off,1,,
507,-48,8202,8217.80,675,63,8408,38,0,1,0,off,1,,
460,624,8161,8197.74,507,688,8405,33,1,0,0,off,1,,
229,583,7906,7930.77,528,834,8450,34,1,1,0,off,1,,
71,569,8237,8256.93,137,623,8363,37,1,0,0,off,1,,
44,553,8069,8088.05,144,640,8496,31,0,0,0,off,1,,
-53,317,7264,7271.11,541,640,9001,30,1,1,0,off,1,,
-71,295,7264,7270.33,541,651,9001,31,0,0,0,off,1,,
283,405,8073,8088.11,327,465,8466,37,0,0,0,off,1,,
218,298,8073,8081.44,411,610,8593,32,0,1,0,off,1,,
188,203,8271,8275.63,249,570,8391,39,1,0,0,off,1,,
202,476,8212,8228.26,255,549,8403,38,1,1,0,off,1,,
178,450,8201,8215.27,271,549,8403,33,1,0,0,off,1,,
81,708,8196,8226.92,184,783,8380,34,0,0,0,off,1,,
-436,-617,7696,7732.99,1076,1123,8664,36,1,1,0,off,1,,
76,573,8124,8144.54,153,638,8497,35,0,0,0,off,1,,
-57,442,7628,7641.01,273,772,8736,31,0,0,0,off,1,,
39,550,8222,8240.47,111,610,8553,32,0,1,0,off,1,,
-534,382,7969,7996.00,607,1179,8648,32,1,0,0,off,1,,
-1056,-52,5192,5298.56,945,1179,8776,39,1,1,0,off,1,,
55,515,8020,8036.71,275,727,8931,38,1,0,0,off,1,,
-5517,-1776,2152,6182.44,5036,6234,19017,33,0,0,0,off,1,,
-1182,391,8013,8109.14,-1031,495,8466,34,1,1,0,off,1,,
-135,78,8161,8162.49,-19,103,8193,37,0,0,0,off,1,,
-320,184,8015,8023.50,-108,545,8193,31,0,0,0,off,1,,
-1182,391,8013,8109.14,-1031,495,8466,30,0,1,0,off,1,,
-135,78,8161,8162.49,-19,103,8193,33,1,0,0,off,1,,
357,-198,8052,8062.34,525,-87,8258,37,1,1,0,off,1,,
310,474,8011,8031.00,357,538,8255,32,1,0,0,off,1,,
79,433,7756,7768.48,378,684,8300,35,0,0,0,off,1,,
-79,419,8087,8098.23,-13,473,8213,33,1,1,0,off,1,,
-106,403,7919,7929.96,-6,490,8346,31,0,0,0,off,1,,
-203,167,7114,7118.85,391,490,8851,39,0,0,0,off,1,,
-221,145,7114,7118.91,391,501,8851,36,0,1,0,off,1,,
133,255,7923,7928.22,177,315,8316,34,1,0,0,off,1,,
68,148,7923,7924.67,261,460,8443,31,1,1,0,off,1,,
38,53,8121,8121.26,99,420,8241,31,1,0,0,off,1,,
52,326,8062,8068.76,105,399,8253,34,0,0,0,off,1,,
28,300,8051,8056.64,121,399,8253,36,1,1,0,off,1,,
-69,558,8046,8065.62,34,633,8230,35,0,0,0,off,1,,
-586,-767,7546,7607.48,926,973,8514,31,0,0,0,off,1,,
-74,423,7974,7985.55,3,488,8347,32,0,1,0,off,1,,
-207,292,7478,7486.56,123,622,8586,32,1,0,0,off,1,,
-111,400,8072,8082.67,-39,460,8403,39,1,1,0,off,1,,
-684,232,7819,7852.29,457,1029,8498,38,1,0,0,off,1,,
-1206,-202,5042,5188.16,795,1029,8626,33,0,0,0,off,1,,
-95,365,7870,7879.03,125,577,8781,34,1,1,0,off,1,,
-5317,-1576,2352,6023.80,5236,6434,19217,37,0,0,0,off,1,,
-982,591,8213,8292.59,-831,695,8666,31,0,0,0,off,1,,
65,278,8361,8365.87,181,303,8393,30,0,1,0,off,1,,
-120,384,8215,8224.85,92,745,8393,31,1,0,0,off,1,,
-982,591,8213,8292.59,-831,695,8666,37,1,1,0,off,1,,
65,278,8361,8365.87,181,303,8393,32,1,0,0,off,1,,
557,2,8252,8270.78,725,113,8458,39,0,0,0,off,1,,
510,674,8211,8254.39,557,738,8455,38,1,1,0,off,1,,
279,633,7956,7986.02,578,884,8500,33,1,1,0,off,1,,
121,619,8287,8310.97,187,673,8413,34,0,0,0,off,1,,
94,603,8119,8141.90,194,690,8546,36,0,0,0,off,1,,
-3,367,7314,7323.20,591,690,9051,35,0,1,0,off,1,,
-21,345,7314,7322.16,591,701,9051,31,1,0,0,off,1,,
333,455,8123,8142.55,377,515,8516,32,1,1,0,off,1,,
268,348,8123,8134.87,461,660,8643,32,1,0,0,off,1,,
238,253,8321,8328.25,299,620,8441,39,0,0,0,off,1,,
-913,660,8282,8358.27,-762,764,8735,38,1,1,0,off,1,,
134,347,8430,8438.20,250,372,8462,33,0,0,0,off,1,,
626,71,8321,8344.82,794,182,8527,34,0,0,0,off,1,,
579,743,8280,8333.41,626,807,8524,37,0,1,0,off,1,,
348,702,8025,8063.16,647,953,8569,31,1,0,0,off,1,,
190,688,8356,8386.43,256,742,8482,30,1,1,0,off,1,,
163,672,8188,8217.15,263,759,8615,33,1,0,0,off,1,,
66,436,7383,7396.16,660,759,9120,37,0,0,0,off,1,,
48,414,7383,7394.75,660,770,9120,32,1,1,0,off,1,,
402,524,8192,8218.58,446,584,8585,35,0,0,0,off,1,,
337,417,8192,8209.53,530,729,8712,33,0,0,0,off,1,,
307,322,8390,8401.79,368,689,8510,31,0,1,0,off,1,,
-844,729,8351,8425.14,-693,833,8804,39,1,0,0,off,1,,
203,416,8499,8511.60,319,441,8531,36,1,1,0,off,1,,
695,140,8390,8419.90,863,251,8596,34,1,0,0,off,1,,
648,812,8349,8413.39,695,876,8593,31,0,0,0,off,1,,
417,771,8094,8141.32,716,1022,8638,31,1,1,0,off,1,,
259,757,8425,8462.90,325,811,8551,30,0,0,0,off,1,,
232,741,8257,8293.43,332,828,8684,31,0,0,0,off,1,,
135,505,7452,7470.31,729,828,9189,37,0,1,0,off,1,,
117,483,7452,7468.55,729,839,9189,32,1,0,0,off,1,,
471,593,8261,8295.64,515,653,8654,39,1,1,0,off,1,,
406,486,8261,8285.24,599,798,8781,38,1,0,0,off,1,,
376,391,8459,8476.38,437,758,8579,33,0,0,0,off,1,,
-775,798,8420,8493.16,-624,902,8873,34,1,1,0,off,1,,
272,485,8568,8586.03,388,510,8600,36,0,0,0,off,1,,
764,209,8459,8496.00,932,320,8665,35,0,0,0,off,1,,
717,881,8418,8494.29,764,945,8662,31,0,1,0,off,1,,
486,840,8163,8220.48,785,1091,8707,32,1,0,0,off,1,,
328,826,8494,8540.37,394,880,8620,32,1,1,0,off,1,,
301,810,8326,8370.72,401,897,8753,39,1,0,0,off,1,,
204,574,7521,7545.63,798,897,9258,38,0,0,0,off,1,,
186,552,7521,7543.52,798,908,9258,33,1,1,0,off,1,,
540,662,8330,8373.69,584,722,8723,34,0,0,0,off,1,,
475,555,8330,8361.97,668,867,8850,37,0,0,0,off,1,,
445,460,8528,8551.98,506,827,8648,31,0,1,0,off,1,,
-706,867,8489,8562.32,-555,971,8942,30,1,0,0,off,1,,
341,554,8637,8661.46,457,579,8669,33,1,1,0,off,1,,
833,278,8528,8573.09,1001,389,8734,37,1,0,0,off,1,,
786,950,8487,8576.10,833,1014,8731,32,0,0,0,off,1,,
555,909,8232,8300.61,854,1160,8776,35,1,1,0,off,1,,
397,895,8563,8618.79,463,949,8689,33,0,0,0,off,1,,
370,879,8395,8449.00,470,966,8822,31,0,0,0,off,1,,
273,643,7590,7622.08,867,966,9327,39,0,1,0,off,1,,
255,621,7590,7619.63,867,977,9327,36,1,0,0,off,1,,
146,644,8312,8338.19,212,698,8438,30,1,1,0,off,1,,
-228,142,7089,7094.09,366,465,8826,33,1,0,0,off,1,,
-282,217,7403,7411.55,48,547,8511,32,0,0,0,off,1,,
4,370,7339,7348.32,616,726,9076,34,1,1,0,off,1,,
358,480,8148,8169.97,402,540,8541,30,0,0,0,off,1,,
293,373,8148,8161.79,486,685,8668,31,0,0,0,off,1,,
263,278,8346,8354.77,324,645,8466,31,0,1,0,off,1,,
-10,203,8286,8288.49,106,228,8318,35,1,0,0,off,1,99999,
-11421,-8971,-7681,16429.12,14603,9796,21996,72,122,123,1,off,0,08:50,
-1653,668,6398,6641.76,2649,3395,8639,68.9,178,179,1,off,0,,
-6451,-3924,-815,7594.56,4932,3395,17143,74,153,154,1,off,0,,
-6207,2530,4413,8025.11,-5096,3153,5942,74,185,186,1,off,0,,
-4873,-3601,6102,8599.29,-343,2246,9638,78,441,442,0,on,0,,
-14,-292,7937,7942.38,79,-181,8187,80,449,450,0,on,0,,
-21,-291,7397,7402.75,-4268,4261,21996,67,500,501,0,off,0,,
-2221,6284,4119,7835.03,-742,6649,9383,79,449,450,0,on,0,,
-5498,-6607,981,8651.17,2104,6649,27797,57.4,167,168,0,on,0,,
-6990,-6789,21345,23464.01,2216,6678,28790,60,140,141,0,on,0,,
-1087,1474,6201,6465.81,1576,4331,9291,42.5,150,151,1,off,0,,
-157,535,7906,7925.64,-68,720,8248,48,155,156,1,off,0,,
23,315,99,330.99,3965,5031,9204,47.5,148,149,1,off,0,,
-3701,-4145,-20107,20860.73,16869,8954,10670,50,152,153,0,on,0,,
-32764,-13481,-15573,38700.59,15611,8888,32764,52,155,156,0,on,0,,
-5498,-6607,981,8651.17,2104,6649,27797,57.4,135,136,0,on,0,,
-27503,-13481,-15573,34360.89,15611,8888,32764,65,160,161,1,off,0,,
-6611,2720,-4974,8708.87,-5290,3709,-3350,66,165,166,1,off,0,,
-28381,-24284,-11743,39154.72,28685,26625,32764,67,162,163,1,off,0,,
224,268,8119,8126.51,306,337,8252,63,194,195,0,on,0,,
-12923,-6006,-1582,14338.02,11571,8158,21579,59.6,490,491,0,on,0,,
-5053,2720,-4974,7594.20,-5290,3709,-3350,56.4,474,475,0,off,0,,
-5613,-13481,-15573,21348.57,15611,8888,32764,61,479,480,0,on,0,,
-6111,-13481,-15573,21484.88,15611,8888,32764,62,184,185,0,off,0,,
-5213,268,8119,9652.22,306,337,8252,59,176,177,0,on,0,,
-32764,-12921,-22069,41562.88,31158,4932,16439,59.6,476,477,0,on,0,,
-28381,-24284,-11743,39154.72,28685,26625,32764,61,497,498,1,off,0,,
-32764,-12921,-22069,41562.88,31158,4932,16439,59,195,196,1,off,0,,
-12339,-6006,-1582,13813.97,11571,8158,16439,58,198,199,1,off,0,,
-12251,-6434,-4655,14599.74,17895,8004,13616,60,440,441,1,off,0,,
-9445,-2804,-4248,10729.21,7421,15375,17227,62.5,429,430,0,off,0,,
-18898,-13637,-11720,26085.64,16945,7682,19265,78,140,141,0,off,0,,
-12165,-5246,-8182,15570.90,16202,5975,17544,69,122,123,1,off,0,,
-11161,-13537,-6941,18867.85,13032,6590,19324,83,124,125,0,on,0,,
-14960,-4828,-7771,17535.67,19787,6693,14993,95,197,198,0,on,0,,
-5013,-2333,-713,5575.07,5013,2250,414,58,476,477,0,on,0,,
6351,2355,-4837,8323.33,8130,5673,816,84,414,415,1,off,0,,
-9071,-18442,-7097,21742.99,14682,5673,32681,72,465,466,0,off,0,,
7937,364,932,7999.82,8181,521,2055,96,195,196,0,off,0,,
-548,124,293,633.66,8333,1075,9908,100,163,164,1,off,0,,
7944,607,872,8014.73,8257,1035,5441,87,149,150,1,off,0,,
8123,931,707,8206.69,8181,834,2305,59,130,131,0,on,0,,
-32764,-11823,-24534,42604.93,29352,5756,26378,63,425,426,1,off,0,,
-6968,-11619,-5917,14783.95,12081,12892,20066,74.3,199,200,0,on,0,,
-18624,-11708,-8869,23718.98,12081,13519,21572,89,413,414,0,on,0,,
-7293,2916,-3340,8535.02,-6618,3738,-2459,62,410,411,0,on,0,,
-7124,2909,-4126,8731.41,-6239,3768,-2482,77.4,174,175,0,on,0,,
-6085,3652,-5708,9107.45,-3506,5316,-2819,81,123,124,1,off,0,,
-11562,-2703,-8080,14362.19,16919,2743,25215,63,196,197,1,off,0,,
-6684,3522,-3854,8481.37,-5911,4388,-1981,67,409,410,0,on,0,,
-14200,-12293,-10324,21432.28,12976,6397,18964,94,500,501,1,off,0,,
-32666,-12823,-21971,41403.16,31256,5030,16537,60,190,191,1,off,0,,
-12241,-5908,-1484,13672.92,11669,8256,16537,59,193,194,1,off,0,,
-12153,-6336,-4557,14443.22,17993,8102,13714,61,435,436,1,off,0,,
-9347,-2706,-4150,10578.82,7519,15473,17325,63.5,421,422,0,off,0,,
-18800,-13539,-11622,25919.40,17043,7780,19363,79,137,138,0,off,0,,
-12067,-5148,-8084,15409.91,16300,6073,17642,70,119,120,1,off,0,,
-11063,-13439,-6843,18703.56,13130,6688,19422,84,121,122,0,on,0,,
-14862,-4730,-7673,17381.80,19885,6791,15091,96,194,195,0,on,0,,
-4915,-2235,-615,5434.21,5111,2348,512,59,473,474,0,on,0,,
6449,2453,-4739,8370.48,8228,5771,914,85,411,412,1,off,0,,
-8973,-18344,-6999,21587.10,14780,5771,32779,73,462,463,0,off,0,,
8035,462,1030,8113.91,8279,619,2153,97,192,193,0,off,0,,
-450,222,391,636.13,8431,1173,10006,100,157,158,1,off,0,,
8042,705,970,8130.91,8355,1133,5539,88,143,144,1,off,0,,
8221,1029,805,8324.16,8279,932,2403,60,124,125,0,on,0,,
-32666,-11725,-24436,42445.98,29450,5854,26476,64,419,420,1,off,0,,
-6870,-11521,-5819,14621.60,12179,12990,20164,75.3,193,194,0,on,0,,
-18526,-11610,-8771,23557.06,21289,13617,21670,90,408,409,0,on,0,,
-7195,3014,-3242,8447.65,-6520,3836,-2361,63,405,406,0,on,0,,
-7026,3007,-4028,8638.95,-6141,3866,-2384,78.4,169,170,0,on,0,,
-5987,3750,-5610,9021.02,-3408,5414,-2721,82,118,119,1,off,0,,
-11464,-2605,-7982,14209.91,17017,2841,25313,64,191,192,1,off,0,,
-6586,3620,-3756,8401.63,-5813,4486,-1883,68,405,406,0,on,0,,
-14102,-12195,-10226,21263.95,13074,6495,19062,95,493,494,1,off,0,,
-11446,-8996,-7706,16471.84,14578,9771,21971,73.2,122,123,1,off,0,,
-1678,643,6373,6621.50,2624,3370,8614,70.1,178,179,1,off,0,,
-6476,-3949,-840,7631.43,4907,3370,17118,75.3,153,154,1,off,0,,
-6232,2505,4388,8022.93,-5121,3128,5917,74,185,186,1,off,0,,
-4898,-3626,6077,8606.29,-368,2221,9613,79,441,442,0,on,0,,
-39,-317,7912,7918.44,54,-206,8162,81,449,450,0,on,0,,
-46,-316,7372,7378.91,-4293,4236,21971,68,500,501,0,off,0,,
-2246,6259,4094,7809.00,-767,6624,9358,80,449,450,0,on,0,,
-5523,-6632,956,8683.37,2079,6624,27772,58.4,167,168,0,on,0,,
-7015,-6814,21320,23455.98,2191,6653,28765,61,140,141,0,on,0,,
-1112,1449,6176,6440.43,1551,4306,9266,43.5,150,151,1,off,0,,
-182,510,7881,7899.58,-93,695,8223,49,155,156,1,off,0,,
-2,290,74,299.30,3940,5006,9179,48.5,148,149,1,off,0,,
-3726,-4170,-20132,20894.24,16844,8929,10645,51,152,153,0,on,0,,
-32789,-13506,-15598,38740.52,15586,8863,32739,53,155,156,0,on,0,,
-5523,-6632,956,8683.37,2079,6624,27772,58.4,135,136,0,on,0,,
-27528,-13506,-15598,34402.04,15350,8283,31762,66,160,161,1,off,0,,
-6636,2695,-4999,8734.39,-5315,3684,-3375,67,165,166,1,off,0,,
-28406,-24309,-11768,39195.84,28660,26600,32739,68.5,162,163,1,off,0,,
199,243,8094,8100.09,281,312,8227,63,194,195,0,on,0,,
-12948,-6031,-1607,14373.80,11546,8133,21554,60.6,490,491,0,on,0,,
-5078,2695,-4999,7618.34,-5315,3684,-3375,57.4,474,475,0,off,0,,
-5638,-13506,-15598,21389.17,14585,8863,32739,62,479,480,0,on,0,,
-6136,-13506,-15598,21525.80,15785,8132,34751,63,184,185,0,off,0,,
-5238,243,8094,9644.09,281,312,8227,60,176,177,0,on,0,,
-32789,-12946,-22094,41603.63,31133,4907,16414,6,476,477,0,on,0,,
-28406,-24309,-11768,39195.84,28660,26600,32739,62,497,498,1,off,0,,
-32789,-12946,-22094,41603.63,31133,4907,16414,60,195,196,1,off,0,,
-12364,-6031,-1607,13850.05,11546,8133,16414,59,198,199,1,off,0,,
-12276,-6459,-4680,14639.72,17870,7979,13591,61,440,441,1,off,0,,
-9470,-2829,-4273,10767.67,7396,15350,17202,63.5,429,430,0,off,0,,
-18923,-13662,-11745,26128.05,16920,7657,19240,79,140,141,0,off,0,,
-12190,-5271,-8207,15612.00,16177,5950,17519,70,122,123,1,off,0,,
-11186,-13562,-6966,18909.78,13007,6565,19299,84,124,125,0,on,0,,
-14985,-4853,-7796,17574.97,19762,6668,14968,96.2,197,198,0,on,0,,
-5038,-2358,-738,5611.26,4988,2225,389,59,476,477,0,on,0,,
6326,2330,-4862,8311.81,8105,5648,791,85.3,414,415,1,off,0,,
-9096,-18467,-7122,21782.80,14657,5648,32656,73,465,466,0,off,0,,
7912,339,907,7971.03,8156,496,2030,97,195,196,0,off,0,,
-573,199,268,663.14,8308,1050,9883,101,163,164,1,off,0,,
7919,582,847,7985.41,8232,1010,5416,88,149,150,1,off,0,,
8098,906,682,8177.01,8156,809,2280,60,130,131,0,on,0,,
-32789,-11848,-24559,42645.49,29327,5731,26353,64,425,426,1,off,0,,
-6993,-11644,-5942,14825.39,12056,12867,20041,75.3,199,200,0,on,0,,
-18649,-11733,-8894,23760.30,12056,13494,21547,90,413,414,0,on,0,,
-7318,2891,-3365,8557.70,-6643,3713,-2484,63,410,411,0,on,0,,
-7149,2884,-4151,8755.37,-6264,3743,-2507,78.4,174,175,0,on,0,,
-6110,3627,-5733,9129.87,-3531,5291,-2844,82,123,124,1,off,0,,
-11587,-2728,-8105,14401.10,16894,2718,25190,64,196,197,1,off,0,,
-6709,3497,-3879,8502.14,-5936,4363,-2006,68,409,410,0,on,0,,
-14225,-12318,-10349,21475.23,12951,6372,18939,95,500,501,1,off,0,,
-11431,-8981,-7691,16446.20,14593,9786,21986,74,125,126,1,off,0,,
-1663,658,6388,6633.63,2639,3385,8629,70.9,181,182,1,off,0,,
-6461,-3934,-825,7609.30,4922,3385,17133,76,156,157,1,off,0,,
-6217,2520,4403,8024.21,-5106,3143,5932,76,188,189,1,off,0,,
-4883,-3611,6092,8602.06,-353,2236,9628,80,444,445,0,on,0,,
-54,-332,7897,7904.16,39,-221,8147,82,452,453,0,on,0,,
-51,-321,7367,7374.17,-4298,4231,21966,69,500,501,0,off,0,,
-2231,6274,4109,7824.60,-752,7639,9373,81,452,453,0,on,0,,
-5508,-6617,971,8664.04,2094,5639,27787,59.4,171,172,0,on,0,,
-7000,-6799,21335,23460.79,2206,6768,28780,62,144,145,0,on,0,,
-1097,1464,6191,6455.63,1566,4321,9281,44.5,154,155,1,off,0,,
-167,525,7896,7915.20,-78,710,8238,50,159,160,1,off,0,,
13,305,189,359.05,3955,5021,9194,49.5,152,153,1,off,0,,
-3711,-4155,-20117,20874.13,16859,8944,10660,52,156,157,0,on,0,,
-32774,-13491,-15583,38716.56,15606,8883,32759,54,159,160,0,on,0,,
-5508,-6617,971,8664.04,2094,6639,27787,59.4,136,137,0,on,0,,
-27513,-13491,-15583,34377.35,15601,8878,32754,67,161,162,1,off,0,,
-6621,2710,-4984,8719.06,-5300,3699,-3360,68,166,167,1,off,0,,
-28391,-24294,-11753,39171.17,28675,26615,32754,69,163,164,1,off,0,,
214,258,8109,8115.93,296,327,8242,65,195,196,0,on,0,,
-12933,-6016,-1592,14352.32,11561,8148,21569,61.6,491,492,0,on,0,,
-5063,2710,-4984,7603.84,-5300,3699,-3360,58.4,475,476,0,off,0,,
-5623,-13491,-15583,21364.81,15681,8878,32754,63,480,481,0,on,0,,
-6121,-13491,-15583,21501.25,16802,8879,36754,64,185,186,0,off,0,,
-5223,258,8109,9648.95,296,327,8242,61,177,178,0,on,0,,
-32774,-12931,-22079,41579.18,31148,4922,16429,61.6,480,481,0,on,0,,
-28391,-24294,-11753,39171.17,28675,26615,32754,63,501,502,1,off,0,,
-32774,-12931,-22079,41579.18,31148,4922,16429,61,199,200,1,off,0,,
-12349,-6016,-1592,13828.40,11561,8148,16429,60,202,203,1,off,0,,
-12261,-6444,-4665,14615.73,17885,7994,13606,62,444,445,1,off,0,,
-9455,-2814,-4258,10744.59,7411,15365,17217,64.5,430,431,0,off,0,,
-18908,-13647,-11730,26102.60,16935,7672,19255,80,141,142,0,off,0,,
-12175,-5256,-8192,15587.34,16192,5965,17534,71,123,124,1,off,0,,
-11171,-13547,-6951,18884.62,13022,6580,19314,85,125,126,0,on,0,,
-14970,-4838,-7781,17551.38,19777,6683,14983,97,198,199,0,on,0,,
-5023,-2343,-723,5589.54,5003,2240,404,60,477,478,0,on,0,,
6341,2345,-4847,8318.70,8120,5663,806,86,415,416,1,off,0,,
-9081,-18452,-7107,21758.91,14672,5663,32671,74,466,467,0,off,0,,
7927,354,922,7988.29,8170,511,2045,98,196,197,0,off,0,,
-558,114,283,635.96,8323,1065,9898,101,166,167,1,off,0,,
7934,597,862,8002.99,8247,1025,5431,89,152,153,1,off,0,,
8113,921,697,8194.80,8171,824,2295,61,133,134,0,on,0,,
-32774,-11833,-24544,42621.16,29342,5746,26368,65,428,429,1,off,0,,
-6978,-11629,-5927,14800.52,13071,12882,20056,76.3,202,203,0,on,0,,
-18634,-11718,-8879,23735.50,12042,13509,21562,91,416,417,0,on,0,,
-7303,2906,-3350,8544.07,-6628,3728,-2469,64,413,414,0,on,0,,
-7134,2899,-4136,8740.98,-6249,3758,-2492,79.4,177,178,0,on,0,,
-6095,3642,-5718,9116.40,-3516,5306,-2829,83,126,127,1,off,0,,
-11572,-2713,-8090,14377.75,16909,2733,25205,65,199,200,1,off,0,,
-6694,3512,-3864,8489.66,-5921,4378,-1991,69,413,414,0,on,0,,
-14210,-12303,-10334,21449.46,12966,6387,18954,96,501,502,1,off,0,,
-11363,-8913,-7623,16330.02,14661,9854,22054,73,113,114,1,off,0,,
-1595,726,6456,6689.62,2707,3453,8697,69.9,169,170,1,off,0,,
-6393,-3866,-757,7509.29,4990,3453,17201,75,144,145,1,off,0,,
-6149,2588,4471,8031.05,-5038,3211,6000,75,176,177,1,off,0,,
-4815,-3543,6160,8583.86,-285,2304,9696,79,432,433,0,on,0,,
44,-234,7995,7998.54,137,-123,8245,81,440,441,0,on,0,,
37,-233,7455,7458.73,-4210,4319,22054,68,492,493,0,off,0,,
-2163,6342,4177,7896.00,-684,6707,9441,80,441,442,0,on,0,,
-5440,-6549,1039,8576.86,2162,6707,27855,58.4,159,160,0,on,0,,
-6932,-6731,21403,23482.92,2274,6736,28848,61,132,133,0,on,0,,
-1029,1532,6259,6525.41,1634,4389,9349,43.5,142,143,1,off,0,,
-99,593,7964,7986.66,-110,778,8306,49,147,148,1,off,0,,
81,373,157,412.72,4023,5089,9262,48.5,140,141,1,off,0,,
-3643,-4087,-20049,20783.10,16927,9012,10728,51,143,144,0,on,0,,
-32706,-13423,-15515,38607.96,15669,8946,32822,53,148,149,0,on,0,,
-5440,-6549,1039,8576.86,2162,6707,27855,58.4,128,129,0,on,0,,
-27445,-13423,-15515,34265.44,15669,8946,32822,66,153,154,1,off,0,,
-6553,2778,-4916,8650.21,-5232,3767,-3292,67,158,159,1,off,0,,
-28323,-24226,-11685,39059.32,28743,26683,32822,68,155,156,1,off,0,,
282,326,8177,8188.35,364,395,8310,64,187,188,0,on,0,,
-12865,-5948,-1524,14255.16,11629,8216,21637,60.6,481,482,0,on,0,,
-4995,2778,-4916,7538.86,-5232,3767,-3292,57.4,465,466,0,off,0,,
-5555,-13423,-15515,21254.42,16769,8496,32711,62,470,471,0,on,0,,
-6053,-13423,-15515,21389.97,15669,7846,32823,63,175,176,0,off,0,,
-5155,326,8177,9671.80,364,395,8310,60,167,168,0,on,0,,
-32706,-12863,-22011,41468.34,31216,4990,16497,60.6,467,468,0,on,0,,
-28323,-24226,-11685,39059.32,28743,26683,32822,62,488,489,1,off,0,,
-32706,-12863,-22011,41468.34,31216,4990,16497,60,186,187,1,off,0,,
-12281,-5948,-1524,13730.41,11629,8216,16497,59,189,190,1,off,0,,
-12193,-6376,-4597,14507.07,17953,8062,13674,61,431,432,1,off,0,,
-9387,-2746,-4190,10640.13,7479,15433,17285,63.5,420,421,0,off,0,,
-18840,-13579,-11662,25987.25,17003,7740,19323,79,131,132,0,off,0,,
-12107,-5188,-8124,15475.60,16260,6033,17602,70,113,114,1,off,0,,
-11103,-13479,-6883,18770.61,13090,6648,19382,84,115,116,0,on,0,,
-14902,-4770,-7713,17444.57,19845,6751,15051,96,188,189,0,on,0,,
-4955,-2275,-655,5491.51,5071,2308,472,59,467,468,0,on,0,,
6409,2413,-4779,8350.85,8188,5731,874,85,411,412,1,off,0,,
-9013,-18384,-7039,21650.71,14740,5731,32739,73,462,463,0,off,0,,
7995,422,990,8067.11,8239,579,2113,97,192,193,0,off,0,,
-490,182,351,629.62,8391,1133,9966,101,160,161,1,off,0,,
8002,665,930,8083.26,8315,1093,5499,88,146,147,1,off,0,,
8181,989,765,8276.00,8239,892,2363,60,127,128,0,on,0,,
-32706,-11765,-24476,42510.85,29410,5814,26436,64,422,423,1,off,0,,
-6910,-11561,-5859,14687.84,12139,12950,20124,75.3,196,197,0,on,0,,
-18566,-11650,-8811,23623.14,12139,13577,21630,90,404,405,0,on,0,,
-7235,2974,-3282,8483.01,-6560,3796,-2401,63,401,402,0,on,0,,
-7066,2967,-4068,8676.41,-6181,3826,-2424,78.4,165,166,0,on,0,,
-6027,3710,-5650,9056.01,-3448,5374,-2761,82,114,115,1,off,0,,
-11504,-2645,-8022,14272.02,16977,2801,25273,64,187,188,1,off,0,,
-6626,3580,-3796,8433.85,-5853,4446,-1923,68,400,401,0,on,0,,
-14142,-12235,-10266,21332.65,13034,6455,19022,95,491,492,1,off,0,,
-11348,-8898,-7608,16304.39,14676,9869,22069,74,116,117,1,off,0,,
-1580,741,6471,6702.19,2722,3468,8712,70.9,172,173,1,off,0,,
-6378,-3851,-742,7487.30,5005,3468,17216,76,147,148,1,off,0,,
-6134,2603,4486,8032.79,-5023,3226,6015,76,181,182,1,off,0,,
-4800,-3528,6175,8580.06,-270,2319,9711,80,437,438,0,on,0,,
29,-249,7980,7983.94,122,-138,8230,82,445,446,0,on,0,,
32,-238,7450,7453.87,-4215,4314,22049,69,493,494,0,off,0,,
-2148,6357,4192,7911.90,-669,5723,9456,81,445,446,0,on,0,,
-5425,-6534,1054,8557.73,2177,6722,27870,59.4,164,165,0,on,0,,
-6917,-6716,21418,23487.87,2289,6751,28863,62,137,138,0,on,0,,
-1014,1547,6274,6540.98,1649,4404,9364,44.5,147,148,1,off,0,,
-84,608,7979,8002.57,85,793,8321,50,152,153,1,off,0,,
96,388,172,435.14,4038,5104,9277,49.5,145,146,1,off,0,,
-3628,-4072,-20034,20763.06,16942,9027,10743,52,149,150,0,on,0,,
-32691,-13408,-15500,38584.01,15684,8961,32837,54,152,153,0,on,0,,
-5425,-6534,1054,8557.73,2177,6722,27870,59.4,129,130,0,on,0,,
-27430,-13408,-15500,34240.76,15684,8961,32837,67,152,153,1,off,0,,
-6538,2793,-4901,8635.17,-5217,3782,-3277,68,157,158,1,off,0,,
-28308,-24211,-11670,39034.65,28758,26698,32837,69,154,155,1,off,0,,
297,341,8192,8204.47,379,410,8325,65,186,187,0,on,0,,
-12850,-5933,-1509,14233.77,11644,8231,21652,61.6,482,483,0,on,0,,
-4980,2793,-4901,7524.70,-5217,3782,-3277,58.4,466,467,0,off,0,,
-5540,-13408,-15601,21303.93,15684,8961,32837,63,471,472,0,on,0,,
-6038,-12401,-15500,20748.31,16685,8763,32845,64,176,177,0,off,0,,
-5140,341,8192,9677.02,379,410,8325,61,168,169,0,on,0,,
-32691,-12848,-21996,41443.90,31231,5005,16512,61.6,471,472,0,on,0,,
-28308,-24211,-11670,39034.65,28758,26698,32837,63,492,493,1,off,0,,
-32691,-12848,-21996,41443.90,31231,5005,16512,61,190,191,1,off,0,,
-12266,-5933,-1509,13708.84,11644,8231,16512,60,193,194,1,off,0,,
-12178,-6361,-4582,14483.12,17968,8077,13689,62,435,436,1,off,0,,
-9372,-2731,-4175,10617.13,7494,15448,17300,64.5,421,422,0,off,0,,
-18825,-13564,-11647,25961.81,17018,7755,19338,80,137,138,0,off,0,,
-12092,-5173,-8109,15450.96,16275,6048,17617,71,119,120,1,off,0,,
-11088,-13464,-6868,18745.47,13105,6663,19397,85,121,122,0,on,0,,
-14887,-4755,-7698,17421.02,19860,6766,15066,97,194,195,0,on,0,,
-4940,-2260,-640,5469.99,5086,2323,487,60,473,474,0,on,0,,
6424,2428,-4764,8358.15,8203,5746,889,86,411,412,1,off,0,,
-8998,-18369,-7024,21626.85,14755,5746,32754,74,462,463,0,off,0,,
8010,437,1005,8084.62,8254,594,2128,98,192,193,0,off,0,,
-475,197,366,631.18,8406,1148,9981,101,157,158,1,off,0,,
8017,680,945,8101.09,8330,1108,5514,89,143,144,1,off,0,,
8196,1004,780,8294.02,8254,907,2378,61,124,125,0,on,0,,
-32691,-11750,-24461,42486.52,29425,5829,26451,65,419,420,1,off,0,,
-6895,-11546,-5844,14663.00,12154,12965,20139,76.3,193,194,0,on,0,,
-18551,-11635,-8796,23598.36,12154,13592,21645,91,408,409,0,on,0,,
-7220,2989,-3267,8469.70,-6545,3811,-2386,64,405,406,0,on,0,,
-7051,2982,-4053,8662.32,-6166,3841,-2409,79.4,169,170,0,on,0,,
-6012,3725,-5635,9042.84,-3433,5389,-2746,83,118,119,1,off,0,,
-11489,-2630,-8007,14248.72,16992,2816,25288,65,191,192,1,off,0,,
-6611,3595,-3781,8421.72,-5838,4461,-1908,69,405,406,0,on,0,,
-14127,-12220,-10251,21306.89,13049,6470,19037,96,493,494,1,off,0,,
-11347,-8897,-7607,16302.68,14677,9870,22070,65,195,196,0,on,0,,
-1579,742,6472,6703.03,2723,3469,8713,61.6,491,492,0,on,0,,
-6377,-3850,-741,7485.83,5006,3469,17217,58.4,475,476,0,off,0,,
-6133,2604,4487,8032.91,-5022,3227,6016,63,480,481,0,on,0,,
-4799,-3527,6176,8579.81,-269,2320,9712,64,185,186,0,off,0,,
60,-218,8011,8014.19,153,-107,8261,61,177,178,0,on,0,,
53,-217,7471,7474.34,-4194,4335,22070,61.6,480,481,0,on,0,,
-2147,6358,4193,7912.97,-668,6723,9457,63,501,502,1,off,0,,
-5424,-6533,1055,8556.45,2178,6723,27871,61,199,200,1,off,0,,
-6916,-6715,21419,23488.21,2290,6752,28864,60,202,203,1,off,0,,
-1013,1548,6275,6542.03,1650,4405,9365,62,444,445,1,off,0,,
-83,609,7980,8003.63,-142,794,8322,64.5,430,431,0,off,0,,
97,389,173,436.65,4039,5105,9278,80,141,142,0,off,0,,
-3627,-4071,-20033,20761.73,16943,9028,10744,71,123,124,1,off,0,,
-32690,-13407,-15499,38582.42,15685,8732,32838,85,125,126,0,on,0,,
-5424,-6533,1055,8556.45,2178,6723,27871,97,198,199,0,on,0,,
-27429,-13407,-15499,34239.11,15685,8941,32838,60,477,478,0,on,0,,
-6537,2794,-4900,8634.16,-5216,3783,-3276,86,415,416,1,off,0,,
-28307,-24210,-11669,39033.01,28759,26699,32838,74,466,467,0,off,0,,
298,342,8193,8205.55,380,411,8326,98,196,197,0,off,0,,
-12849,-5932,-1508,14232.34,11645,8232,21653,101,166,167,1,off,0,,
-4979,2794,-4900,7523.75,-5216,3783,-3276,89,152,153,1,off,0,,
-5539,-13407,-15499,21228.45,15686,8839,32839,61,133,134,0,on,0,,
-6037,-13407,-15499,21363.80,15685,7941,32399,65,428,429,1,off,0,,
-5139,342,8193,9677.37,380,411,8326,76.3,202,203,0,on,0,,
-32690,-12847,-21995,41442.27,31232,5006,16513,91,416,417,0,on,0,,
-28307,-24210,-11669,39033.01,28759,26699,32838,64,413,414,0,on,0,,
-32690,-12847,-21995,41442.27,31232,5006,16513,79.4,177,178,0,on,0,,
-12265,-5932,-1508,13707.40,11645,8232,16513,83,126,127,1,off,0,,
-12177,-6360,-4581,14481.52,17969,8078,13690,65,199,200,1,off,0,,
-9371,-2730,-4174,10615.59,7495,15449,17301,69,413,414,0,on,0,,
-18824,-13563,-11646,25960.11,17019,7756,19339,96,501,502,1,off,0,,
-12091,-5172,-8108,15449.32,16276,6049,17618,73,113,114,1,off,0,,
-11087,-13463,-6867,18743.79,13106,6664,19398,69.9,169,170,1,off,0,,
-14886,-4754,-7697,17419.45,19861,6767,15067,74,185,186,1,off,0,,
-4939,-2259,-639,5468.56,5087,2324,488,78,441,442,0,on,0,,
6425,2429,-4763,8358.64,8204,5747,890,80,449,450,0,on,0,,
-8997,-18368,-7023,21625.26,14756,5747,32755,67,500,501,0,off,0,,
8011,438,1006,8085.79,8255,595,2129,79,449,450,0,on,0,,
-474,198,367,631.32,8407,1149,9982,57.4,167,168,0,on,0,,
8018,681,946,8102.28,8331,1109,5515,60,140,141,0,on,0,,
8197,1005,781,8295.23,8255,908,2379,42.5,150,151,1,off,0,,
-32690,-11749,-24460,42484.90,29426,5830,26452,48,155,156,1,off,0,,
-6894,-11545,-5843,14661.34,12155,12966,20140,47.5,148,149,1,off,0,,
-18550,-11634,-8795,23596.70,12145,13593,21646,50,152,153,0,on,0,,
-7219,2990,-3266,8468.81,-6544,3812,-2385,52,155,156,0,on,0,,
-7050,2983,-4052,8661.38,-6165,3842,-2408,57.4,135,136,0,on,0,,
-6011,3726,-5634,9041.97,-3432,5390,-2745,65,160,161,1,off,0,,
-11488,-2629,-8006,14247.17,16993,2817,25289,66,165,166,1,off,0,,
-6610,3596,-3780,8420.91,-5837,4462,-1907,67,162,163,1,off,0,,
-14126,-12219,-10250,21305.17,13050,6471,19038,63,194,195,0,on,0,,
-11332,-8882,-7592,16277.06,14692,9885,22085,59.6,490,491,0,on,0,,
-1564,757,6487,6715.68,2738,3484,8728,56.4,474,475,0,off,0,,
-6362,-3835,-726,7463.87,5021,4535,17232,61,479,480,0,on,0,,
-6118,2619,4502,8034.74,-5007,3242,6031,62,184,185,0,off,0,,
-4784,-3512,6191,8576.09,-254,2335,9727,59,176,177,0,on,0,,
45,-233,7996,7999.52,138,-122,8246,59.6,476,477,0,on,0,,
48,-222,7466,7469.45,-4199,4330,22065,61,497,498,1,off,0,,
-2132,6373,4208,7928.92,-653,6738,9472,59,195,196,1,off,0,,
-538,234,303,660.31,8343,1085,9918,64,65,67.5,0,on,0,,
7954,617,882,8026.50,8267,1045,5451,46.5,41,43.5,1,off,0,,
8133,941,717,8218.59,8191,844,2315,52,44.5,47,1,off,0,,
-32754,-11813,-24524,42588.71,29362,5766,26388,51.5,64,66.5,1,off,0,,
-6958,-11609,-5907,14767.37,12091,12902,20076,54,59,61.5,0,on,0,,
-18614,-11698,-8859,23702.45,12091,13529,21582,56,55.5,58,0,on,0,,
-7283,2926,-3330,8525.99,-6608,3748,-2449,61.4,49,51.5,0,on,0,,
-7114,2919,-4116,8721.87,-6229,3778,-2472,69,68.5,71,1,off,0,,
-6075,3662,-5698,9098.52,-3496,5326,-2809,70,59.5,62,1,off,0,,
-11552,-2693,-8070,14346.63,16929,2753,25225,71,52.5,55,1,off,0,,
-6674,3532,-3844,8473.11,-5901,4398,-1971,67,61,63.5,0,on,0,,
-14190,-12283,-10314,21415.11,12986,6407,18974,63.6,68.5,71,0,on,0,,
-11396,-8946,-7656,16386.40,14628,9821,22021,60.4,44.5,47,0,off,0,,
-1628,693,6423,6662.25,2674,3420,8664,65,48,50.5,0,on,0,,
-6426,-3899,-790,7557.76,4957,3420,17168,66,67.5,70,0,off,0,,
-6182,2555,4438,8027.51,-5071,3178,5967,63,62.5,65,0,on,0,,
-4848,-3576,6127,8592.50,-318,2271,9663,63.6,59,61.5,0,on,0,,
-19,-297,7932,7937.58,74,-186,8182,65,52.5,55,1,off,0,,
-16,-286,7402,7407.54,-4263,4266,22001,63,72,74.5,1,off,0,,
-2196,6309,4144,7861.21,-717,7674,9408,62,63,65.5,1,off,0,,
-5473,-6582,1006,8619.08,2129,5674,27822,64,56,58.5,1,off,0,,
-6965,-6764,21370,23472.11,2241,6803,28815,66.5,64.5,67,0,off,0,,
-1062,1499,6226,6491.37,1601,4356,9316,82,59.4,61.9,0,off,0,,
-132,560,7931,7951.84,-43,745,8273,73,62,64.5,1,off,0,,
48,340,224,409.98,3990,5056,9229,87,44.5,47,0,on,0,,
-3676,-4120,-20082,20827.24,16894,8979,10695,99,50,52.5,0,on,0,,
-32739,-13456,-15548,38660.66,15641,8918,32794,62,49.5,52,0,on,0,,
-5473,-6582,1006,8619.08,2129,6674,27822,88,52,54.5,1,off,0,,
-27478,-13456,-15548,34319.74,15636,8913,32789,76,54,56.5,0,off,0,,
-6586,2745,-4949,8683.49,-5265,3734,-3325,100,59.4,61.9,0,off,0,,
-28356,-24259,-11718,39113.60,28710,26650,32789,103,67,69.5,1,off,0,,
249,293,8144,8153.07,331,362,8277,91,68,70.5,1,off,0,,
-12898,-5981,-1557,14302.27,11596,8183,21604,63,69,71.5,0,on,0,,
-5028,2745,-4949,7570.23,-5265,3734,-3325,67,65,67.5,1,off,0,,
-5588,-13456,-15548,21307.98,15716,8913,32789,78.3,61.6,64.1,0,on,0,,
-6086,-13456,-15548,21443.97,16837,8914,36789,93,58.4,60.9,0,on,0,,
-5188,293,8144,9660.53,331,362,8277,66,63,65.5,0,on,0,,
-32739,-12896,-22044,41522.13,31183,4957,16464,81.4,64,66.5,0,on,0,,
-28356,-24259,-11718,39113.60,28710,26650,32789,85,61,63.5,1,off,0,,
-32739,-12896,-22044,41522.13,31183,4957,16464,67,61.6,64.1,1,off,0,,
-12314,-5981,-1557,13777.92,11596,8183,16464,71,63,65.5,0,on,0,,
-12226,-6409,-4630,14559.78,17920,8029,13641,98,61,63.5,1,off,0,,
-9420,-2779,-4223,10690.79,7446,15400,17252,67,75,77.5,0,on,0,,
-18873,-13612,-11695,26043.23,16970,7707,19290,63.6,51,53.5,0,on,0,,
-12140,-5221,-8157,15529.81,16227,6000,17569,60.4,54.5,57,0,off,0,,
-11136,-13512,-6916,18825.93,13057,6615,19349,65,74,76.5,0,on,0,,
-14935,-4803,-7746,17496.39,19812,6718,15018,66,69,71.5,0,off,0,,
-4988,-2308,-688,5538.98,5038,2275,439,63,65.5,68,0,on,0,,
6376,2380,-4812,8335.05,8155,5698,841,63.6,59,61.5,0,on,0,,
-9046,-18417,-7072,21703.21,14707,5698,32706,65,78.5,81,1,off,0,,
7962,389,957,8028.74,8205,546,2080,63,69.5,72,1,off,0,,
-523,149,318,629.96,8358,1100,9933,62,62.5,65,1,off,0,,
7969,632,897,8044.19,8282,1060,5466,64,71,73.5,1,off,0,,
8148,956,732,8236.48,8206,859,2330,66.5,78.5,81,0,off,0,,
-32739,-11798,-24509,42564.37,29377,5781,26403,82,54.5,57,0,off,0,,
-6943,-11594,-5892,14742.52,13106,12917,20091,73,58,60.5,1,off,0,,
-18599,-11683,-8844,23677.66,12077,13544,21597,87,77.5,80,0,on,0,,
-7268,2941,-3315,8512.49,-6593,3763,-2434,99,72.5,75,0,on,0,,
-7099,2934,-4101,8707.60,-6214,3793,-2457,62,69,71.5,0,on,0,,
-6060,3677,-5683,9085.18,-3481,5341,-2794,88,62.5,65,1,off,0,,
-11537,-2678,-8055,14323.31,16944,2768,25240,76,82,84.5,0,off,0,,
-6659,3547,-3829,8460.78,-5886,4413,-1956,100,73,75.5,0,off,0,,
-14175,-12268,-10299,21389.34,13001,6422,18989,103,66,68.5,1,off,0,,
-11328,-8878,-7588,16270.22,14696,9889,22089,91,74.5,77,1,off,0,,
-1560,761,6491,6719.06,2742,3488,8732,63,69.4,71.9,0,on,0,,
-6358,-3831,-722,7458.02,5025,3488,17236,67,72,74.5,1,off,0,,
-6114,2623,4506,8035.24,-5003,3246,6035,78.3,54.5,57,0,on,0,,
-4780,-3508,6195,8575.11,-250,2339,9731,93,60,62.5,0,on,0,,
79,-199,8030,8032.85,172,-88,8280,66,59.5,62,0,on,0,,
72,-198,7490,7492.96,-4175,4354,22089,81.4,62,64.5,0,on,0,,
-2128,6377,4212,7933.19,-649,6742,9476,85,64,66.5,1,off,0,,
-5405,-6514,1074,8532.27,2197,6742,27890,67,69.4,71.9,1,off,0,,
-6897,-6696,21438,23494.53,2309,6771,28883,71,77,79.5,0,on,0,,
-994,1567,6294,6561.86,1669,4424,9384,98,78,80.5,1,off,0,,
-64,628,7999,8023.87,-75,813,8341,75,79,81.5,1,off,0,,
116,408,192,465.60,4058,5124,9297,71.9,75,77.5,1,off,0,,
-3608,-4052,-20014,20736.36,16962,9047,10763,76,71.6,74.1,1,off,0,,
-32671,-13388,-15480,38552.08,15704,8981,32857,80,68.4,70.9,0,on,0,,
-5405,-6514,1074,8532.27,2197,6742,27890,82,73,75.5,0,on,0,,
-27410,-13388,-15480,34207.85,15704,8981,32857,69,74,76.5,0,off,0,,
-6518,2813,-4881,8615.19,-5197,3802,-3257,81,71,73.5,0,on,0,,
-28288,-24191,-11650,39001.77,28778,26718,32857,59.4,71.6,74.1,0,on,0,,
317,361,8212,8226.04,399,430,8345,62,73,75.5,0,on,0,,
-12830,-5913,-1489,14205.27,11664,8251,21672,44.5,71,73.5,1,off,0,,
-4960,2813,-4881,7505.91,-5197,3802,-3257,50,57.5,60,1,off,0,,
-5520,-13388,-15480,21197.63,16804,8531,32746,49.5,77,79.5,1,off,0,,
-6018,-13388,-15480,21332.73,15704,7881,32858,52,68,70.5,0,on,0,,
-5120,361,8212,9684.09,399,430,8345,54,57.5,60,0,on,0,,
-32671,-12828,-21976,41411.31,31251,5025,16532,59.4,77,79.5,0,on,0,,
-28288,-24191,-11650,39001.77,28778,26718,32857,67,68,70.5,1,off,0,,
-32671,-12828,-21976,41411.31,31251,5025,16532,68,61,63.5,1,off,0,,
-12246,-5913,-1489,13680.10,11664,8251,16532,69,69.5,72,1,off,0,,
-12158,-6341,-4562,14451.20,17988,8097,13709,65,64.4,66.9,0,on,0,,
-9352,-2711,-4155,10586.47,7514,15468,17320,61.6,67,69.5,0,on,0,,
-18805,-13544,-11627,25927.88,17038,7775,19358,58.4,49.5,52,0,off,0,,
-12072,-5153,-8089,15418.12,16295,6068,17637,63,55,57.5,0,on,0,,
-11068,-13444,-6848,18711.94,13125,6683,19417,64,54.5,57,0,off,0,,
-14867,-4735,-7678,17389.64,19880,6786,15086,61,57,59.5,0,on,0,,
-4920,-2240,-620,5441.36,5106,2343,507,61.6,59,61.5,0,on,0,,
6444,2448,-4744,8368.00,8223,5766,909,63,64.4,66.9,1,off,0,,
