Accelerometr_X,Accelerometr_Y,Accelerometr_Z,Accelerometer_Mean,Accelerometr_Std_X,Accelerometr_Std_Y,Accelerometr_Std_Z,Audio level mean,Light sensor mean,Light sensor std,Proximity,Screen mode,Sleeping,Timing,2 min long 
-10733,-12837,-11140,20101.88,2553,7662,16049,87.1,645,646,0,off,0,,
-11146,-20335,-8838,24816.44,2968,5566,19577,62,321,322,0,on,0,,
-5773,-7387,-11991,15221.02,10697,4755,7631,66,243,244,0,on,0,,
-7767,-6067,-29851,31435.92,4019,3707,11465,100,411,412,0,on,0,,
-8921,-7431,-7543,13845.61,8158,2992,11527,48,811,812,0,off,0,,
-2761,651,664,2913.39,-2309,5281,6085,79,233,234,1,off,0,,
-11110,11845,-7946,18079.69,11408,3612,13639,52,961,962,1,off,0,,
-10101,-10819,-7695,16682.15,8786,4769,15363,96,855,856,0,off,0,,
-445,2112,3358,3991.83,556,2571,3884,65,285,286,0,off,0,,
-2823,-3102,1158,4351.17,5029,3351,6836,52.5,211,212,0,on,0,,
-10524,-9683,-3183,14650.82,2484,3121,10370,90,715,716,1,off,0,,
-1415,979,2719,3217.71,1613,2981,5400,99,255,256,1,off,0,,
-1280,1575,2674,3356.98,715,3132,4358,74,270,271,0,off,0,,
-4151,-4143,-3169,6666.17,4138,3266,13627,59,999,1000,1,off,0,,
-11892,-6283,-5207,14422.50,6837,5527,17002,92.4,525,526,1,off,0,,
-2514,1151,585,2826.17,2315,4331,6186,55,235,236,1,off,0,,
-8789,-7547,-7039,13555.49,1659,3945,13411,102,385,386,1,off,0,,
-7224,-11877,-9605,16896.90,10472,3171,19214,76,286,287,0,on,0,,
-7523,-9930,-12163,17410.89,9435,3990,8346,49,545,546,0,off,0,,
-1142,1723,2784,3467.50,48,2402,4349,63,225,226,0,off,0,,
-7352,-14206,-12625,20377.76,8458,3100,17833,88,385,386,1,off,0,,
-1972,216,2140,2918.05,800,3077,5028,64,175,176,1,off,0,,
-372,1777,3137,3624.48,772,2433,4411,51.6,297,298,1,off,0,,
-4357,-13708,-13166,19499.65,15781,2817,9509,83,972,973,1,off,0,,
-9713,-12440,-23104,27980.19,10138,4119,30112,58,216,217,0,on,0,,
-8280,-6926,-11868,16042.98,3823,2865,14157,97,880,881,0,off,0,,
-8176,-1384,-1604,8446.02,4900,4724,7032,69,685,686,0,on,0,,
-2057,1703,2173,3442.87,632,2938,4674,75,257,258,0,off,0,,
-5350,-9903,3472,11779.08,9683,2973,9182,67,321,322,1,off,0,,
-3346,-11790,-7508,14372.54,6477,2886,6599,56,252,253,0,off,0,,
-27451,-13711,12085,32978.72,-6418,10600,23286,94,288,289,0,on,0,,
-11252,-7973,7782,15834.64,-4576,7274,13829,91,215,216,1,off,0,,
-10757,-5494,2703,12377.53,-3974,7973,10515,93,625,626,1,off,0,,
-12541,-6437,8068,16242.05,-1781,7722,10454,70,605,606,1,off,0,,
-4999,-8743,-5297,11379.29,1985,3943,10662,54.6,384,385,0,on,0,,
-1134,1348,3041,3514.36,942,2431,4459,89,235,236,0,on,0,,
-1686,1798,2761,3701.15,1191,3403,4369,52,246,247,0,off,0,,
-10633,-12737,-11040,19929.21,2653,7762,16149,90.1,705,706,1,off,0,,
-11046,-20235,-8738,24654.05,3068,5666,19677,65,381,382,1,off,0,,
-2214,1451,885,2791.13,2615,4631,6486,56,255,256,1,off,0,,
-10833,-12937,-11240,20274.55,2453,7562,15949,88.1,665,666,0,off,0,,
-11246,-20435,-8938,24978.98,2868,5466,19477,63,341,342,0,off,0,,
-5473,-7087,-11691,14726.13,10997,5055,7931,67,263,264,0,on,0,,
-7467,-5767,-29551,31020.57,4319,4007,11765,101,431,432,0,off,0,,
-8621,-7131,-7243,13327.93,8458,3292,11827,49,831,832,0,on,0,,
-2461,951,964,2808.95,-2009,5581,6385,80,253,254,1,off,0,,
-10810,12145,-7646,17967.15,11708,3912,13939,53,981,982,1,off,0,,
-9801,-10519,-7395,16167.71,9086,5069,15663,97,875,876,0,off,0,,
-145,2412,3658,4384.03,856,2871,4184,66,305,306,0,off,0,,
-2523,-2802,1458,4042.59,5329,3651,7136,53.5,231,232,0,on,0,,
-10224,-9383,-2883,14173.30,2784,3421,10670,91,735,736,1,off,0,,
-1115,1279,3019,3463.15,1913,3281,5700,100,275,276,1,off,0,,
-980,1875,2974,3649.75,1015,3432,4658,75,290,291,0,on,0,,
-3851,-3843,-2869,6150.61,4438,3566,13927,60,1019,1020,1,off,0,,
-11592,-5983,-4907,13937.34,7137,5827,17302,93.4,545,546,1,off,0,,
-2214,1451,885,2791.13,2615,4631,6486,56,255,256,1,off,0,,
-8489,-7247,-6739,13038.26,1959,4245,13711,103,405,406,1,off,0,,
-6924,-11577,-9305,16387.55,10772,3471,19514,77,306,307,0,on,0,,
-7223,-9630,-11863,16900.87,9735,4290,8646,50,565,566,0,on,0,,
-842,2023,3084,3783.19,348,2702,4649,64,245,246,0,off,0,,
-7052,-13906,-12325,19874.94,8758,3400,18133,89,405,406,1,off,0,,
-1672,516,2440,3002.57,1100,3377,5328,65,195,196,1,off,0,,
-72,2077,3437,4016.48,1072,2733,4711,52.6,317,318,1,off,0,,
-4057,-13408,-12866,19020.19,16081,3117,9809,84,992,993,1,off,0,,
-9413,-12140,-22804,27495.57,10438,4419,30412,59,236,237,0,on,0,,
-7980,-6626,-11568,15537.15,4123,3165,14457,98,900,901,0,on,0,,
-7876,-1084,-1304,8056.48,5200,5024,7332,70,705,706,0,off,0,,
-1757,2003,2473,3635.21,932,3238,4974,76,277,278,0,on,0,,
-5050,-9603,3772,11486.87,9983,3273,9482,68,341,342,1,off,0,,
-3046,-11490,-7208,13901.56,6777,3186,6899,57,272,273,0,off,0,,
-27151,-13411,12385,32717.27,-6118,10900,23586,95,308,309,0,on,0,,
-10952,-7673,8082,15624.98,-4276,7574,14129,92,235,236,1,off,0,,
-10457,-5194,3003,12055.89,-3674,8273,10815,94,645,646,1,off,0,,
-12241,-6137,8368,16047.69,-1481,8022,10754,71,625,626,1,off,0,,
-4699,-8443,-4997,10878.18,2285,4243,10962,55.6,404,405,0,on,0,,
-834,1648,3341,3817.56,1242,2731,4759,90,255,256,0,on,0,,
-1386,2098,3061,3961.35,1491,3703,4669,53,266,267,0,off,0,,
-10333,-12437,-10740,19411.27,2953,8062,16449,91.1,725,726,1,off,0,,
-10746,-19935,-8438,24167.76,3368,5966,19977,66,401,402,1,off,0,,
-3900,-630,-830,4036.81,10235,7834,8543,98,448,449,1,off,0,,
-10533,-12637,-10940,19756.55,2753,7862,16249,89.1,685,686,0,on,0,,
-10946,-20135,-8638,24491.80,3168,5766,19777,64,361,362,0,off,0,,
-2429,1011,3759,4588.27,4144,9195,1063,69,183,184,1,off,0,,
-28551,-13811,-6518,32378.81,11985,10500,23186,52,228,229,1,off,0,,
-20398,-6913,-9267,23446.65,6362,7299,15424,64,194,195,1,off,0,,
-2979,1924,1099,3712.68,7970,7088,999,85,261,262,0,on,0,,
-2070,-5865,-4773,7839.94,17474,6709,12540,58.6,182,183,0,on,0,,
-9321,1322,-4558,10459.64,9337,8162,9660,98.5,423,424,0,off,0,,
-1876,-9822,-5419,11373.51,11902,5872,8666,62,465,466,1,off,0,,
-5394,886,1591,5693.11,2906,7906,8431,55,125,126,1,off,0,,
-7778,-10956,-4164,14066.63,11041,11007,9033,71,127,128,1,off,0,,
-1410,-9617,-6466,11674.07,14016,7219,8393,47.5,320,321,1,off,0,,
-11252,-8073,-4676,14616.63,7682,7174,13729,87,155,156,0,on,0,,
-2036,-13333,-4762,14303.53,12005,6907,6556,57,120,121,0,on,0,,
-11978,-7765,-6061,15508.17,1104,8445,8783,49,912,913,0,off,0,,
-12836,-10885,-3482,17186.34,11053,7267,10990,74.6,815,816,0,on,0,,
-32763,-32163,-32184,56068.55,17893,10814,18273,48,452,453,1,off,0,,
-2029,-6038,-1980,6670.43,10783,6932,8915,95,473,474,0,off,0,,
-10943,-4260,-3907,12375.84,3983,8096,8704,46,430,431,0,on,0,,
-8583,-569,-2805,9047.63,6357,8900,12220,88,620,621,1,off,0,,
-5580,-585,-4079,6936.63,6737,7636,9637,64,659,660,1,off,0,,
-8366,-5043,-2976,10211.68,14702,6584,10455,57.4,821,822,1,off,0,,
-7458,-9073,-3940,12388.09,11583,7905,10388,49,116,117,0,on,0,,
-12931,84,-2375,13147.56,7732,10214,9403,92,388,389,0,on,0,,
-9152,913,-2284,9476.78,8282,9144,10607,76,145,146,0,off,0,,
7200,2530,-2491,8027.83,5602,10478,10150,52,274,275,1,off,0,,
-4476,-1063,2667,5317.65,12222,6919,10317,67,939,940,1,off,0,,
-7263,260,-2527,7694.45,2015,8436,9560,93,465,466,1,off,0,,
-4053,2791,-1849,5256.93,7065,9105,10276,49.6,921,922,0,on,0,,
-848,4062,-3726,5576.92,8011,5210,4081,76,236,237,0,off,0,,
-5722,3493,-1084,6790.98,8231,8670,5689,61,816,817,0,on,0,,
-7430,-173,1709,7625.98,2127,8508,10611,58,425,426,0,off,0,,
-3279,-1721,1773,4105.75,7170,7735,10720,91,845,846,0,off,0,,
-10957,-5594,-4074,12959.40,2603,7873,10415,54,1266,1267,1,off,0,,
-5912,-4012,-4006,8191.21,12620,8435,6772,75,212,213,1,off,0,,
-1881,-6684,1901,7199.15,9593,7243,9261,87,204,205,0,on,0,,
-4096,1244,3990,5851.91,4242,6559,8970,63,1070,1071,0,off,0,,
-2839,1998,4502,5685.06,1399,6873,10510,58,1344,1345,0,on,0,,
-3900,-630,-830,4036.81,10235,7834,8543,98,448,449,1,off,0,,
-9925,-3587,-7902,13183.85,11166,8283,8299,84,303,304,1,off,0,,
-84,76,3796,3797.69,82,102,4630,89,243,244,0,off,1,,
-109,57,3914,3915.93,-14,95,4199,52,254,255,0,off,1,,
-87,72,4020,4021.59,-2,107,4226,90.1,713,714,0,off,1,,
-153,29,4065,4067.98,191,147,4443,65,389,390,0,off,1,,
-267,-13,3245,3255.99,58,89,4536,56,263,264,0,off,1,,
-59,-4,4073,4073.43,-2,34,4211,88.1,673,674,0,off,1,,
-152,-33,3039,3042.98,-128,28,4319,63,349,350,0,off,1,,
-135,-7,3965,3967.30,9,-4,4345,67,271,272,0,off,1,,
-107,-16,4091,4092.43,19,32,4264,101,439,440,0,off,1,,
-47,-3,3654,3654.30,36,26,4200,49,839,840,0,off,1,,
-95,-39,4055,4056.30,-50,-13,4122,80,261,262,0,off,1,,
-67,-1,4103,4103.55,-2,23,4281,53,989,990,0,off,1,,
-55,-2,3934,3934.38,3,23,4210,97,883,884,0,off,1,,
-72,-7,3965,3965.66,8,24,4196,66,313,314,0,off,1,,
-138,-13,3775,3777.54,28,51,4262,53.5,239,240,0,off,1,,
-147,-5,3864,3866.80,-8,36,4318,91,743,744,0,off,1,,
-86,-22,4089,4089.96,10,24,4407,100,283,284,0,off,1,,
-56,-9,3730,3730.43,-7,26,4175,75,298,299,0,off,1,,
-159,-3,4068,4071.11,90,29,4410,60,1027,1028,0,off,1,,
-63,-8,3893,3893.52,-15,47,4192,93.4,553,554,0,off,1,,
-116,-5,4081,4082.65,-1,43,4279,56,263,264,0,off,1,,
-141,-24,4032,4034.54,13,24,4600,103,413,414,0,off,1,,
-129,-31,3844,3846.29,162,40,4538,77,314,315,0,off,1,,
-135,-13,4039,4041.28,21,30,4276,50,573,574,0,off,1,,
-133,-4,3818,3820.32,-12,134,4478,64,253,254,0,off,1,,
-97,-26,4100,4101.23,17,38,4659,89,413,414,0,off,1,,
-69,4,4068,4068.59,-22,27,4472,65,203,204,0,off,1,,
-123,-39,3941,3943.11,-35,-13,4127,52.6,325,326,0,off,1,,
-84,14,4058,4058.89,0,145,4195,84,1000,1001,0,off,1,,
-71,-8,4064,4064.63,4,20,4274,59,244,245,0,off,1,,
-55,-21,4099,4099.42,45,28,4306,98,908,909,0,off,1,,
-94,-39,4038,4039.28,-39,-18,4125,70,713,714,0,off,1,,
-101,-2,4074,4075.25,21,20,4353,76,285,286,0,off,1,,
-60,-10,4070,4070.45,5,141,4228,68,349,350,0,off,1,,
-127,-5,4076,4077.98,-18,80,4246,57,280,281,0,off,1,,
-144,-103,4012,4015.90,-46,166,4333,95,316,317,0,off,1,,
-209,-28,4095,4100.43,-83,222,4793,92,243,244,0,off,1,,
-195,-14,4039,4043.73,55,144,4991,94,653,654,0,off,1,,
-109,-47,3741,3742.88,83,194,4340,71,633,634,0,off,1,,
-50,75,3880,3881.05,46,116,4375,55.6,412,413,0,off,1,,
-52,92,4081,4082.37,34,111,4192,90,263,264,0,off,1,,
-48,82,4096,4097.10,-5,121,4201,53,274,275,0,off,1,,
-72,74,4076,4077.31,36,119,4311,91.1,733,734,0,off,1,,
-64,96,3816,3817.74,102,122,4650,66,409,410,0,off,1,,
-89,77,3934,3935.76,6,115,4219,98,456,457,0,off,1,,
-67,92,4040,4041.60,18,127,4246,89.1,693,694,0,off,1,,
-133,49,4085,4087.46,211,167,4463,64,369,370,0,off,1,,
-247,7,3265,3274.34,78,109,4556,99,191,192,0,off,1,,
-39,16,4093,4093.22,18,54,4231,52,236,237,0,off,1,,
-132,-13,3059,3061.87,-108,48,4339,64,202,203,0,off,1,,
-115,13,3985,3986.68,29,16,4365,85,269,270,0,off,1,,
-142,55,7484,7485.55,22,387,8390,100,415,416,0,off,1,,
-42,-1,7981,7981.11,-4,41,8087,48,815,816,0,off,1,,
-44,-9,7519,7519.13,59,224,8168,79,237,238,0,off,1,,
-35,-33,7953,7953.15,12,27,8065,52,965,966,0,off,1,,
-70,-15,7890,7890.32,50,55,8085,96,859,860,0,off,1,,
-62,-1,7780,7780.25,44,66,8418,65,289,290,0,off,1,,
-88,-9,7821,7821.50,3,51,8437,52.5,215,216,0,off,1,,
-40,-23,7405,7405.14,30,34,8223,90,719,720,0,off,1,,
-71,-138,7401,7402.63,564,75,8742,99,259,260,0,off,1,,
-99,-52,7794,7794.80,82,116,8340,74,274,275,0,off,1,,
-94,-36,7972,7972.64,-28,61,8153,59,1003,1004,0,off,1,,
-79,-95,8007,8007.95,241,163,8542,92.4,529,530,0,off,1,,
-575,-138,5992,6021.11,49,86,8297,55,239,240,0,off,1,,
-111,-178,7364,7366.99,-8,64,8284,102,389,390,0,off,1,,
-84,-386,7497,7507.40,30,-13,8814,76,290,291,0,off,1,,
-35,3501,6474,7360.09,1294,4471,7526,49,549,550,0,off,1,,
134,3438,6970,7772.95,910,3914,7434,63,229,230,0,off,1,,
35,-374,7984,7992.83,128,-237,8276,88,389,390,0,off,1,,
-34,-256,7840,7844.25,83,-39,8572,64,179,180,0,off,1,,
-49,-127,7315,7316.27,44,-39,8209,51.6,301,302,0,off,1,,
-102,-179,6722,6725.16,370,53,8959,83,976,977,0,off,1,,
-943,-164,1701,1951.81,122,523,8567,58,220,221,0,off,1,,
-36,-114,7711,7711.93,75,-32,8100,97,884,885,0,off,1,,
-1655,-167,6097,6319.84,302,550,11162,69,689,690,0,off,1,,
-94,-274,7708,7713.44,704,424,10205,75,261,262,0,off,1,,
-241,-192,7531,7537.30,61,41,8342,67,325,326,0,off,1,,
-119,-134,7885,7887.04,75,-39,8668,56,256,257,0,off,1,,
-66,-143,7531,7532.65,415,978,8553,94,292,293,0,off,1,,
-178,74,7968,7970.33,-74,107,8087,91,219,220,0,off,1,,
-219,42,7374,7377.37,-98,119,8184,93,629,630,0,off,1,,
-178,64,7584,7586.36,-110,127,8125,70,609,610,0,off,1,,
-289,-84,6964,6970.50,80,163,8604,54.6,388,389,0,off,1,,
-185,26,7121,7123.45,-97,351,8093,89,239,240,0,off,1,,
-842,-1066,5565,5728.40,558,1182,9047,52,250,251,0,off,1,,
18,2986,6930,7545.95,1174,3621,7575,90.1,709,710,0,off,1,,
162,2853,7207,7752.85,681,3240,7562,65,385,386,0,off,1,,
320,2032,7204,7491.93,727,2543,8141,56,259,260,0,off,1,,
-287,17,7914,7919.22,-185,56,8204,88.1,669,670,0,off,1,,
-309,-44,7824,7830.22,-88,146,8141,63,345,346,0,off,1,,
-532,-919,7585,7658.97,135,1171,8374,67,267,268,0,off,1,,
-262,-48,7913,7917.48,-44,206,8192,101,435,436,0,off,1,,
-132,65,7494,7495.44,32,397,8400,49,835,836,0,off,1,,
-32,9,7991,7991.07,6,51,8097,80,257,258,0,off,1,,
-32,3,7531,7531.07,71,236,8180,53,985,986,0,off,1,,
-25,-23,7963,7963.07,22,37,8075,97,879,880,0,off,1,,
-60,-5,7900,7900.23,60,65,8095,66,309,310,0,off,1,,
-52,9,7790,7790.18,54,76,8428,53.5,235,236,0,off,1,,
-76,3,7833,7833.37,15,63,8447,91,739,740,0,off,1,,
-30,-13,7415,7415.07,40,44,8233,100,279,280,0,off,1,,
-61,-128,7411,7412.36,574,85,8752,75,294,295,0,off,1,,
-89,-42,7804,7804.62,92,126,8350,60,1023,1024,0,off,1,,
-6423,-8830,-11063,15543.93,10535,5090,9446,67,52,53,1,off,0,,
-2042,823,1884,2897.68,-852,1502,3449,50,64,65,1,off,0,,
-6252,-13106,-11525,18538.62,9558,4200,18933,62,85,86,1,off,0,,
-872,1316,3240,3604.14,1900,4177,6128,83,58,59,0,on,0,,
-1272,877,2237,2718.69,-128,1533,3511,56.6,98,99,0,on,0,,
-3257,-12608,-12066,17752.69,16881,3917,10609,96.5,62,63,0,off,0,,
-8613,-11340,-22004,26209.83,11238,5219,31212,60,55,56,1,off,0,,
-7180,-5826,-10768,14193.11,4923,3965,15257,53,71,72,1,off,0,,
-7076,-284,-504,7099.61,6000,5824,8132,69,47,48,1,off,0,,
-957,2803,3273,4414.20,1732,4038,5774,45.5,87,88,1,off,0,,
-4250,-8803,4572,10791.59,10783,4073,10282,85,57,58,0,on,0,,
-2246,-10690,-6408,12664.24,7577,3986,7699,55,49,50,0,on,0,,
-26351,-12611,13185,32050.85,-5318,11700,24386,47,74,75,0,off,0,,
-10152,-6873,8882,15139.06,-3476,8374,14929,72.6,48,49,0,on,0,,
-9657,-4394,3803,11270.66,-2874,9073,11615,46,95,96,1,off,0,,
-11441,-5337,9168,15602.32,-681,8822,11554,93,46,47,0,off,0,,
-3899,-7643,-4197,9551.57,3085,5043,11762,44,88,89,0,on,0,,
-2034,448,2141,2986.93,42,1531,3559,86,64,65,1,off,0,,
-586,2898,3861,4863.04,2291,4503,5469,62,57,58,1,off,0,,
-9533,-11637,-9940,18030.57,3753,8862,17249,55.4,49,50,1,off,0,,
-9946,-19135,-7638,22878.16,4168,6766,20777,47,92,93,0,on,0,,
-6073,-1463,-4214,7535.22,6993,3297,10413,90,76,77,0,on,0,,
-2238,-5264,-9899,11432.78,8053,2460,7958,74,52,53,0,off,0,,
-3567,-6981,-8593,11631.75,9080,3967,8165,50,67,68,1,off,0,,
-5753,-7367,-11971,15187.97,10717,4775,7651,65,93,94,1,off,0,,
-7747,-6047,-29831,31408.13,4039,3727,11485,91,49,50,1,off,0,,
-8901,-7411,-7523,13811.09,8178,3012,11547,47.6,76,77,0,on,0,,
-2741,671,684,2903.65,-2289,5301,6105,74,61,62,0,off,0,,
-11090,11865,-7926,18071.74,11428,3632,13659,59,58,59,0,on,0,,
-10081,-10799,-7675,16647.84,8806,4789,15383,56,91,92,0,off,0,,
-425,2132,3378,4017.08,576,2591,3904,89,54,55,0,off,0,,
-2803,-3082,1178,4329.34,5049,3371,6856,52,75,76,1,off,0,,
-10504,-9663,-3163,14618.90,2504,3141,10390,73,87,88,1,off,0,,
-1395,999,2739,3232.05,1633,3001,5420,85,63,64,0,on,0,,
-1260,1595,2694,3374.80,735,3152,4378,61,58,59,0,off,0,,
-4131,-4123,-3149,6631.78,4158,3286,13647,56,98,99,0,on,0,,
-11872,-6263,-5187,14390.08,6857,5547,17022,96,84,85,1,off,0,,
-2494,1171,605,2820.87,2335,4351,6206,82,60,61,1,off,0,,
-8769,-7527,-7019,13521.00,1679,3965,13431,58,72,73,0,off,0,,
-7204,-11857,-9585,16862.93,10492,3191,19234,70,70,71,1,off,0,,
-7503,-9910,-12143,17376.87,9455,4010,8366,68,53,54,1,off,0,,
-1122,1743,2804,3487.03,68,2422,4369,51,65,66,1,off,0,,
-7332,-14186,-12605,20344.21,8478,3120,17853,63,86,87,1,off,0,,
-1952,236,2160,2920.89,820,3097,5048,84,59,60,0,on,0,,
-352,1797,3157,3649.62,792,2453,4431,57.6,98,99,0,on,0,,
-4337,-13688,-13146,19467.62,15801,2837,9529,97.5,63,64,0,on,0,,
-9693,-12420,-23084,27947.84,10158,4139,30132,61,56,57,1,off,0,,
-8260,-6906,-11848,16009.23,3843,2885,14177,54,72,73,1,off,0,,
-8156,-1364,-1584,8419.61,4920,4744,7052,70,48,49,1,off,0,,
-2037,1723,2193,3453.60,652,2958,4694,46.5,88,89,1,off,0,,
-5330,-9883,3492,11759.11,9703,2993,9202,86,58,59,0,on,0,,
-3326,-11770,-7488,14341.04,6497,2906,6619,56,50,51,0,on,0,,
-27431,-13691,12105,32961.10,-6398,10620,23306,48,75,76,0,off,0,,
-11232,-7953,7802,15820.22,-4556,7294,13849,73.6,49,50,0,on,0,,
-10737,-5474,2723,12355.67,-3954,7993,10535,47,96,97,1,off,0,,
-12521,-6417,8088,16228.65,-1761,7742,10474,94,47,48,0,on,0,,
-4979,-8723,-5277,11345.83,2005,3963,10682,45,89,90,0,off,0,,
-1114,1368,3061,3533.01,962,2451,4479,87,65,66,1,off,0,,
-1666,1818,2781,3716.81,1211,3423,4389,63,58,59,1,off,0,,
-10613,-12717,-11020,19894.68,2673,7782,16169,56.4,50,51,1,off,0,,
-11026,-20215,-8718,24621.58,3088,5686,19697,48,93,94,0,on,0,,
-6173,-1563,-4314,7691.52,6893,3197,10313,91,77,78,0,on,0,,
-2338,-5364,-9999,11585.28,7953,2360,7858,75,53,54,0,on,0,,
-3667,-7081,-8693,11796.43,8980,3867,8065,51,68,69,1,off,0,,
-5853,-7467,-12071,15353.26,10617,4675,7551,66,94,95,1,off,0,,
-7847,-6147,-29931,31547.20,3939,3627,11385,92,50,51,1,off,0,,
-9001,-7511,-7623,13983.68,8078,2912,11447,48.6,77,78,0,off,0,,
-2841,571,584,2956.07,-2389,5201,6005,75,62,63,0,on,0,,
-11190,11765,-8026,18112.10,11328,3532,13559,60,59,60,0,on,0,,
-10181,-10899,-7775,16819.38,8706,4689,15283,57,92,93,0,on,0,,
-525,2032,3278,3892.29,476,2491,3804,90,55,56,0,off,0,,
-2903,-3182,1078,4440.11,4949,3271,6756,53,76,77,1,off,0,,
-10604,-9763,-3263,14778.64,2404,3041,10290,74,88,89,1,off,0,,
-1495,899,2639,3163.47,1533,2901,5320,86,64,65,0,off,0,,
-1360,1495,2594,3288.38,635,3052,4278,62,59,60,0,off,0,,
-4231,-4223,-3249,6803.76,4058,3186,13547,57,99,100,0,on,0,,
-11972,-6363,-5287,14552.28,6757,5447,16922,97,85,86,1,off,0,,
-2594,1071,505,2851.47,2235,4251,6106,83,61,62,1,off,0,,
-8869,-7627,-7119,13693.45,1579,3865,13331,59,73,74,0,off,0,,
-7304,-11957,-9685,17032.84,10392,3091,19134,71,68,69,1,off,0,,
-7603,-10010,-12243,17546.99,9355,3910,8266,66,51,52,1,off,0,,
-1222,1643,2704,3391.81,-32,2322,4269,49,63,64,1,off,0,,
-7432,-14286,-12705,20511.98,8378,3020,17753,61,84,85,1,off,0,,
-2052,136,2060,2910.81,720,2997,4948,82,57,58,0,on,0,,
-452,1697,3057,3525.53,692,2353,4331,55.6,97,98,0,off,0,,
-4437,-13788,-13246,19627.85,15701,2737,9429,95.5,61,62,0,off,0,,
-9793,-12520,-23184,28109.63,10058,4039,30032,59,54,55,1,off,0,,
-8360,-7006,-11948,16178.02,3743,2785,14077,52,70,71,1,off,0,,
-8256,-1464,-1684,8552.23,4820,4644,6952,68,46,47,1,off,0,,
-2137,1623,2093,3403.17,552,2858,4594,44.5,86,87,1,off,0,,
-5430,-9983,3392,11859.63,9603,2893,9102,84,56,57,0,on,0,,
-3426,-11870,-7588,14498.69,6397,2806,6519,54,48,49,0,off,0,,
-27531,-13791,12005,33049.47,-6498,10520,23206,46,73,74,0,on,0,,
-11332,-8053,7702,15892.95,-4656,7194,13749,71.6,47,48,0,off,0,,
-10837,-5574,2623,12465.56,-4054,7893,10435,45,94,95,1,off,0,,
-12621,-6517,7988,16296.29,-1861,7642,10374,92,45,46,0,off,0,,
-5079,-8823,-5377,11513.20,1905,3863,10582,43,87,88,0,on,0,,
-1214,1268,2961,3442.26,862,2351,4379,85,63,64,1,off,0,,
-1766,1718,2681,3641.16,1111,3323,4289,61,56,57,1,off,0,,
-10713,-12817,-11120,20067.34,2573,7682,16069,54.4,48,49,1,off,0,,
-11126,-20315,-8818,24783.95,2988,5586,19597,46,91,92,0,on,0,,
-5873,-1263,-4014,7224.92,7193,3497,10613,89,75,76,0,on,0,,
-2038,-5064,-9699,11129.61,8253,2660,8158,73,51,52,0,off,0,,
-3367,-6781,-8393,11303.15,9280,4167,8365,49,66,67,1,off,0,,
-5553,-7167,-11771,14857.93,10917,4975,7851,64,92,93,1,off,0,,
-7547,-5847,-29631,31131.03,4239,3927,11685,90,48,49,1,off,0,,
-8701,-7211,-7323,13465.97,8378,3212,11747,46.6,75,76,0,off,0,,
-2541,871,884,2827.86,-2089,5501,6305,73,60,61,0,off,0,,
-10890,12065,-7726,17995.76,11628,3832,13859,58,57,58,0,on,0,,
-9881,-10599,-7475,16304.86,9006,4989,15583,55,90,91,0,off,0,,
-225,2332,3578,4276.79,776,2791,4104,88,16,17,1,off,0,,
-2603,-2882,1378,4120.73,5249,3571,7056,51,17,18,0,off,0,,
-1429,2011,4759,5360.43,5144,10195,2063,72,18,19,0,off,0,,
-27551,-12811,-5518,30880.86,12985,11500,24186,84,17,18,0,on,0,,
-19398,-5913,-8267,21899.53,7362,8299,16424,60,18,19,1,off,0,,
-1979,2924,2099,4107.56,8970,8088,1999,55,19,20,1,off,0,,
-1070,-4865,-3773,6248.89,18474,7709,13540,95,16,17,0,on,0,,
-8321,2322,-3558,9342.92,10337,9162,10660,81,21,22,1,off,0,,
-876,-8822,-4419,9905.69,12902,6872,9666,57,20,21,1,off,0,,
-4394,1886,2591,5438.52,3906,8906,9431,69,21,22,1,off,0,,
-6778,-9956,-3164,12452.88,12041,12007,10033,97,22,23,1,off,0,,
-410,-8617,-5466,10212.64,15016,8219,9393,80,21,22,0,on,0,,
-10252,-7073,-3676,12986.29,8682,8174,14729,67,22,23,0,on,0,,
-1036,-12333,-3762,12935.56,13005,7907,7556,50,20,21,0,off,0,,
-10978,-6765,-5061,13852.63,2104,9445,9783,62,31,32,1,off,0,,
-11836,-9885,-2482,15619.36,12053,8267,11990,83,21,22,1,off,0,,
-31763,-31163,-31184,54336.57,18893,11814,19273,56.6,19,20,1,off,0,,
-1029,-5038,-980,5234.57,11783,7932,9915,96.5,22,23,1,off,0,,
-9943,-3260,-2907,10860.09,4983,9096,9704,60,19,20,0,on,0,,
-7583,431,-1805,7806.77,7357,9900,13220,53,18,19,0,on,0,,
-4580,415,-3079,5534.34,7737,8636,10637,69,22,23,0,off,0,,
-7366,-4043,-1976,8631.82,15702,7584,11455,45.5,18,19,0,on,0,,
-6458,-8073,-2940,10748.15,12583,8905,11388,85,19,20,1,off,0,,
-11931,1084,-1375,12058.79,8732,11214,10403,55,19,20,0,off,0,,
-8152,1913,-1284,8471.32,9282,10144,11607,47,20,21,0,on,0,,
8200,3530,-1491,9051.19,6602,11478,11150,72.6,17,18,1,off,0,,
-3476,-63,3667,5053.06,13222,7919,11317,46,17,18,1,off,0,,
-6263,1260,-1527,6568.45,3015,9436,10560,93,18,19,1,off,0,,
-3053,3791,-849,4940.98,8065,10105,11276,44,17,18,0,on,0,,
152,5062,-2726,5751.35,9011,6210,5081,86,19,20,0,on,0,,
-4722,4493,-84,6518.54,9231,9670,6689,62,18,19,0,off,0,,
-6430,827,2709,7026.20,3127,9508,11611,55.4,17,18,1,off,0,,
-2279,-721,2773,3661.04,8170,8735,11720,47,17,18,1,off,0,,
-9957,-4594,-3074,11388.42,3603,8873,11415,90,16,17,1,off,0,,
-4912,-3012,-3006,6498.92,13620,9435,7772,74,18,19,0,on,0,,
-881,-5684,2901,6442.04,10593,8243,10261,50,19,20,0,off,0,,
-3096,2244,4990,6286.56,5242,7559,9970,65,16,17,0,on,0,,
-1839,2998,5502,6530.08,2399,7873,11510,91,17,18,0,off,0,,
-2900,370,170,2928.45,11235,8834,9543,47.6,18,19,0,off,0,,
-8925,-2587,-6902,11575.22,12166,9283,9299,74,17,18,1,off,0,,
-11741,-5537,-881,13010.98,8968,8622,11354,59,18,19,1,off,0,,
-10421,-7969,-6680,14721.57,15603,10798,22998,56,19,20,0,on,0,,
-1329,2111,4859,5461.91,5244,10295,2163,89,16,17,0,off,0,,
-27451,-12711,-5418,30732.42,13085,11600,24286,52,21,22,0,on,0,,
-19298,-5813,-8167,21746.35,7462,8399,16524,73,20,21,1,off,0,,
-1879,3024,2199,4184.59,9070,8188,2099,85,21,22,1,off,0,,
-970,-4765,-3673,6094.02,18574,7809,13640,61,22,23,0,off,0,,
-8221,2422,-3458,9241.68,10437,9262,10760,56,21,22,1,off,0,,
-776,-8722,-4319,9763.67,13002,6972,9766,96,22,23,1,off,0,,
-4294,1986,2691,5442.80,4006,9006,9531,82,20,21,1,off,0,,
-6678,-9856,-3064,12293.27,12141,12107,10133,58,31,32,1,off,0,,
-310,-8517,-5366,10071.21,15116,8319,9493,70,21,22,0,on,0,,
-10152,-6973,-3576,12824.73,8782,8274,14829,68,19,20,0,on,0,,
-936,-12233,-3662,12803.62,13105,8007,7656,51,22,23,0,on,0,,
-10878,-6665,-4961,13688.12,2204,9545,9883,63,19,20,1,off,0,,
-11736,-9785,-2382,15464.60,12153,8367,12090,84,18,19,1,off,0,,
-31663,-31063,-31084,54163.37,18993,11914,19373,57.6,22,23,1,off,0,,
-929,-4938,-880,5101.11,11883,8032,10015,97.5,18,19,1,off,0,,
-9843,-3160,-2807,10712.12,5083,9196,9804,61,19,20,0,on,0,,
-7483,531,-1705,7693.13,7457,10000,13320,54,19,20,0,on,0,,
-4480,515,-2979,5404.63,7837,8736,10737,70,20,21,0,off,0,,
-7266,-3943,-1876,8477.11,15802,7684,11555,46.5,17,18,0,on,0,,
-6358,-7973,-2840,10585.77,12683,9005,11488,86,17,18,1,off,0,,
-11831,1184,-1275,11958.26,8832,11314,10503,56,18,19,0,on,0,,
-8052,2013,-1184,8383.84,9382,10244,11707,48,17,18,0,off,0,,
8300,3630,-1391,9165.25,6702,11578,11250,73.6,19,20,1,off,0,,
-3376,37,3767,5058.56,13322,8019,11417,47,18,19,1,off,0,,
-6163,1360,-1427,6470.59,3115,9536,10660,94,17,18,1,off,0,,
-2953,3891,-749,4941.77,8165,10205,11376,45,17,18,0,on,0,,
252,5162,-2626,5797.04,9111,6310,5181,87,16,17,0,on,0,,
-4622,4593,16,6516.04,9331,9770,6789,63,18,19,0,on,0,,
-6330,927,2809,6987.04,3227,9608,11711,56.4,19,20,1,off,0,,
-2179,-621,2873,3658.94,8270,8835,11820,48,16,17,1,off,0,,
-9857,-4494,-2974,11233.93,3703,8973,11515,91,17,18,1,off,0,,
-4812,-2912,-2906,6330.87,13720,9535,7872,75,18,19,0,off,0,,
-781,-5584,3001,6387.25,10693,8343,10361,51,17,18,0,on,0,,
-2996,2344,5090,6354.40,5342,7659,10070,66,18,19,0,on,0,,
-1739,3098,5602,6633.56,2499,7973,11610,92,19,20,0,on,0,,
-2800,470,270,2851.98,11335,8934,9643,48.6,16,17,0,off,0,,
-8825,-2487,-6802,11416.35,12266,9383,9399,75,21,22,1,off,0,,
-11641,-5437,-781,12871.82,9068,8722,11454,60,20,21,1,off,0,,
-10321,-7869,-6580,14551.31,15703,10898,23098,57,21,22,0,off,0,,
-1094,2346,5094,5713.96,5479,10530,2398,90,22,23,0,off,0,,
-27216,-12476,-5183,30384.61,13320,11835,24521,53,21,22,0,on,0,,
-19063,-5578,-7932,21387.58,7697,8634,16759,74,22,23,1,off,0,,
-1644,3259,2434,4387.27,9305,8423,2334,86,17,18,1,off,0,,
-735,-4530,-3438,5734.19,18809,8044,13875,62,31,32,0,off,0,,
-7986,2657,-3223,9012.41,10672,9497,10995,57,21,22,1,off,0,,
-541,-8487,-4084,9434.03,13237,7207,10001,97,19,20,1,off,0,,
-4059,2221,2926,5474.47,4241,9241,9766,83,22,23,1,off,0,,
-6443,-9621,-2829,11919.70,12376,12342,10368,59,19,20,1,off,0,,
-75,-8282,-5131,9742.91,15351,8554,9728,71,18,19,0,on,0,,
-9917,-6738,-3341,12446.28,9017,8509,15064,66,22,23,0,off,0,,
-701,-11998,-3427,12497.51,13340,8242,7891,49,18,19,0,off,0,,
-10643,-6430,-4726,13302.38,2439,9780,10118,61,19,20,1,off,0,,
-11501,-9550,-2147,15102.49,12388,8602,12325,82,19,20,1,off,0,,
-31428,-30828,-30849,53756.35,19228,12149,19608,55.6,20,21,1,off,0,,
-694,-4703,-645,4797.49,12118,8267,10250,95.5,17,18,1,off,0,,
-9608,-2925,-2572,10367.47,5318,9431,10039,59,17,18,0,on,0,,
-249,-68,4055,4063.21,-123,182,4753,16,0,0,0,off,1,,
-235,-54,3999,4006.26,15,104,4951,14,0,0,0,off,1,,
-149,-87,3701,3705.02,43,154,4300,20,0,0,0,off,1,,
-90,35,3840,3841.21,6,76,4335,16,0,0,0,off,1,,
-92,52,4041,4042.38,-6,71,4152,16,0,0,0,off,1,,
-88,42,4056,4057.17,-45,81,4161,30,0,0,0,off,1,,
-112,34,4036,4037.70,-4,79,4271,26,0,0,0,off,1,,
-104,56,3776,3777.85,62,82,4610,19,0,0,0,off,1,,
-129,37,3894,3896.31,-34,75,4179,27,0,0,0,off,1,,
-107,52,4000,4001.77,-22,87,4206,17,0,0,0,off,1,,
-173,9,4045,4048.71,171,127,4423,22,0,0,0,off,1,,
-287,-33,3225,3237.91,38,69,4516,24,0,0,0,off,1,,
-79,-24,4053,4053.84,-22,14,4191,17,0,0,0,off,1,,
-172,-53,3019,3024.36,-148,8,4299,20,0,0,0,off,1,,
-155,-27,3945,3948.14,-11,-24,4325,30,0,0,0,off,1,,
-127,-36,4071,4073.14,-1,12,4244,25,0,0,0,off,1,,
-67,-23,3634,3634.69,16,6,4180,18,0,0,0,off,1,,
-75,-19,4075,4075.73,-30,7,4142,29,0,0,0,off,1,,
-87,-21,4083,4083.98,-22,3,4261,30,0,0,0,off,1,,
-75,-22,3914,3914.78,-17,3,4190,20,0,0,0,off,1,,
-92,-27,3945,3946.16,-12,4,4176,23,0,0,0,off,1,,
-158,-33,3755,3758.47,8,31,4242,28,0,0,0,off,1,,
-167,-25,3844,3847.71,-28,16,4298,30,0,0,0,off,1,,
-106,-42,4069,4070.60,-10,4,4387,22,0,0,0,off,1,,
-76,-29,3710,3710.89,-27,6,4155,17,0,0,0,off,1,,
-179,-23,4048,4052.02,70,9,4390,15,0,0,0,off,1,,
-83,-28,3873,3873.99,-35,27,4172,21,0,0,0,off,1,,
-136,-25,4061,4063.35,-21,23,4259,17,0,0,0,off,1,,
-161,-44,4012,4015.47,-7,4,4580,15,0,0,0,off,1,,
-149,-51,3824,3827.24,142,20,4518,26,0,0,0,off,1,,
-155,-33,4019,4022.12,1,10,4256,22,0,0,0,off,1,,
-153,-24,3798,3801.16,-32,114,4458,15,0,0,0,off,1,,
-117,-46,4080,4081.94,-3,18,4639,23,0,0,0,off,1,,
-89,-16,4048,4049.01,-42,7,4452,13,0,0,0,off,1,,
-103,-19,3961,3962.38,-15,7,4147,18,0,0,0,off,1,,
-64,-6,4038,4038.51,-20,125,4175,20,0,0,0,off,1,,
-91,-28,4044,4045.12,-16,0,4254,13,0,0,0,off,1,,
-75,-41,4079,4079.90,25,8,4286,16,0,0,0,off,1,,
-74,-19,4058,4058.72,-19,2,4145,27,0,0,0,off,1,,
-121,-22,4054,4055.87,1,0,4333,21,0,0,0,off,1,,
-80,-30,4050,4050.90,-15,121,4208,14,0,0,0,off,1,,
-147,-25,4056,4058.74,-38,60,4226,25,0,0,0,off,1,,
-164,-123,3992,3997.26,-66,146,4313,26,0,0,0,off,1,,
-246,-65,4058,4065.97,-120,185,4756,16,0,0,0,off,1,,
-232,-51,4002,4009.04,18,107,4954,19,0,0,0,off,1,,
-146,-84,3704,3707.83,46,157,4303,24,0,0,0,off,1,,
-87,38,3843,3844.17,9,79,4338,27,0,0,0,off,1,,
-89,55,4044,4045.35,-3,74,4155,18,0,0,0,off,1,,
-85,45,4059,4060.14,-42,84,4164,15,0,0,0,off,1,,
-109,37,4039,4040.64,-1,82,4274,18,0,0,0,off,1,,
-101,59,3779,3780.81,65,85,4613,17,0,0,0,off,1,,
-126,40,3897,3899.24,-31,78,4182,18,0,0,0,off,1,,
-104,55,4003,4004.73,-19,90,4209,29,0,0,0,off,1,,
-170,12,4048,4051.59,174,130,4426,27,0,0,0,off,1,,
-284,-30,3228,3240.61,41,72,4519,23,0,0,0,off,1,,
-76,-21,4056,4056.77,-19,17,4194,16,0,0,0,off,1,,
-169,-50,3022,3027.13,-145,11,4302,24,0,0,0,off,1,,
-152,-24,3948,3951.00,-8,-21,4328,14,0,0,0,off,1,,
-124,-33,4074,4076.02,2,15,4247,19,0,0,0,off,1,,
-64,-20,3637,3637.62,19,9,4183,21,0,0,0,off,1,,
-72,-16,4078,4078.67,-27,10,4145,15,0,0,0,off,1,,
-84,-18,4086,4086.90,-19,6,4264,17,0,0,0,off,1,,
-72,-19,3917,3917.71,-14,6,4193,27,0,0,0,off,1,,
-89,-24,3948,3949.08,-9,7,4179,22,0,0,0,off,1,,
-155,-30,3758,3761.31,11,34,4245,15,0,0,0,off,1,,
-164,-22,3847,3850.56,-25,19,4301,26,0,0,0,off,1,,
-103,-39,4072,4073.49,-7,7,4390,27,0,0,0,off,1,,
-73,-26,3713,3713.81,-24,9,4158,17,0,0,0,off,1,,
-176,-20,4051,4054.87,73,12,4393,20,0,0,0,off,1,,
-80,-25,3876,3876.91,-32,30,4175,29,0,0,0,off,1,,
-133,-22,4064,4066.24,-18,26,4262,30,0,0,0,off,1,,
-158,-41,4015,4018.32,-4,7,4583,23,0,0,0,off,1,,
-146,-48,3827,3830.08,145,23,4521,30,0,0,0,off,1,,
-152,-30,4022,4024.98,4,13,4259,21,0,0,0,off,1,,
-150,-21,3801,3804.02,-29,117,4461,26,0,0,0,off,1,,
-114,-43,4083,4084.82,0,21,4642,28,0,0,0,off,1,,
-86,-13,4051,4051.93,-39,10,4455,21,0,0,0,off,1,,
-100,-16,3964,3965.29,-12,10,4150,24,0,0,0,off,1,,
-61,-3,4041,4041.46,-17,128,4178,30,0,0,0,off,1,,
-88,-25,4047,4048.03,-13,3,4257,29,0,0,0,off,1,,
-72,-38,4082,4082.81,28,11,4289,22,0,0,0,off,1,,
-71,-16,4061,4061.65,-16,5,4148,19,0,0,0,off,1,,
-118,-19,4057,4058.76,4,3,4336,26,0,0,0,off,1,,
-77,-27,4053,4053.82,-12,124,4211,18,0,0,0,off,1,,
-144,-22,4059,4061.61,-35,63,4229,27,0,0,0,off,1,,
-161,-120,3995,4000.04,-63,149,4316,21,0,0,0,off,1,,
-243,-62,4061,4068.74,-117,188,4759,24,0,0,0,off,1,,
-229,-48,4005,4011.83,21,110,4957,26,0,0,0,off,1,,
-143,-81,3707,3710.64,49,160,4306,21,0,0,0,off,1,,
-84,41,3846,3847.14,12,82,4341,19,0,0,0,off,1,,
-86,58,4047,4048.33,0,77,4158,25,0,0,0,off,1,,
-82,48,4062,4063.11,-39,87,4167,21,0,0,0,off,1,,
-106,40,4042,4043.59,2,85,4277,16,0,0,0,off,1,,
-98,62,3782,3783.78,68,88,4616,35,0,0,0,off,1,,
-123,43,3900,3902.18,-28,81,4185,31,0,0,0,off,1,,
-101,58,4006,4007.69,-16,93,4212,24,0,0,0,off,1,,
-167,15,4051,4054.47,177,133,4429,30,0,0,0,off,1,,
-281,-27,3231,3243.31,44,75,4522,22,0,0,0,off,1,,
-73,-18,4059,4059.70,-16,20,4197,27,0,0,0,off,1,,
-166,-47,3025,3029.92,-142,14,4305,29,0,0,0,off,1,,
-149,-21,3951,3953.86,-5,-18,4331,22,0,0,0,off,1,,
-121,-30,4077,4078.91,5,18,4250,25,0,0,0,off,1,,
-61,-17,3640,3640.55,22,12,4186,35,0,0,0,off,1,,
-69,-13,4081,4081.60,-24,13,4148,30,0,0,0,off,1,,
-81,-15,4089,4089.83,-16,9,4267,23,0,0,0,off,1,,
-69,-16,3920,3920.64,-11,9,4196,15,0,0,0,off,1,,
-86,-21,3951,3951.99,-6,10,4182,19,0,0,0,off,1,,
-152,-27,3761,3764.17,14,37,4248,25,0,0,0,off,1,,
-161,-19,3850,3853.41,-22,22,4304,28,0,0,0,off,1,,
-100,-36,4075,4076.39,-4,10,4393,26,0,0,0,off,1,,
-70,-23,3716,3716.73,-21,12,4161,30,0,0,0,off,1,,
-173,-17,4054,4057.73,76,15,4396,27,0,0,0,off,1,,
-77,-22,3879,3879.83,-29,33,4178,22,0,0,0,off,1,,
-130,-19,4067,4069.12,-15,29,4265,20,0,0,0,off,1,,
-155,-38,4018,4021.17,-1,10,4586,26,0,0,0,off,1,,
-143,-45,3830,3832.93,148,26,4524,22,0,0,0,off,1,,
-149,-27,4025,4027.85,7,16,4262,20,0,0,0,off,1,,
-147,-18,3804,3806.88,-26,120,4464,29,0,0,0,off,1,,
-111,-40,4086,4087.70,3,24,4645,27,0,0,0,off,1,,
-83,-10,4054,4054.86,-36,13,4458,20,0,0,0,off,1,,
-97,-13,3967,3968.21,-9,13,4153,28,0,0,0,off,1,,
-64,-6,4038,4038.51,-20,125,4175,18,0,0,0,off,1,,
-85,-22,4050,4050.95,-10,6,4260,23,0,0,0,off,1,,
-69,-35,4085,4085.73,31,14,4292,25,0,0,0,off,1,,
-68,-13,4064,4064.59,-13,8,4151,18,0,0,0,off,1,,
-115,-16,4060,4061.66,7,6,4339,21,0,0,0,off,1,,
-74,-24,4056,4056.75,-9,127,4214,32,0,0,0,off,1,,
-141,-19,4062,4064.49,-32,66,4232,26,0,0,0,off,1,,
-158,-117,3998,4002.83,-60,152,4319,19,0,0,0,off,1,,
-259,-78,4045,4054.03,-133,172,4743,30,0,0,0,off,1,,
-245,-64,3989,3997.03,5,94,4941,29,0,0,0,off,1,,
-159,-97,3691,3695.70,33,144,4290,21,0,0,0,off,1,,
-100,25,3830,3831.39,-4,66,4325,24,0,0,0,off,1,,
-102,42,4031,4032.51,-16,61,4142,29,0,0,0,off,1,,
-98,32,4046,4047.31,-55,71,4151,30,0,0,0,off,1,,
-122,24,4026,4027.92,-14,69,4261,23,0,0,0,off,1,,
-114,46,3766,3768.01,52,72,4600,20,0,0,0,off,1,,
-139,27,3884,3886.58,-44,65,4169,23,0,0,0,off,1,,
-117,42,3990,3991.94,-32,77,4196,22,0,0,0,off,1,,
-183,-1,4035,4039.15,161,117,4413,23,0,0,0,off,1,,
-297,-43,3215,3228.98,28,59,4506,29,0,0,0,off,1,,
-89,-34,4043,4044.12,-32,4,4181,19,0,0,0,off,1,,
-182,-63,3009,3015.16,-158,-2,4289,28,0,0,0,off,1,,
-165,-37,3935,3938.63,-21,-34,4315,21,0,0,0,off,1,,
-137,-46,4061,4063.57,-11,2,4234,29,0,0,0,off,1,,
-77,-33,3624,3624.97,6,-4,4170,18,0,0,0,off,1,,
-85,-29,4065,4065.99,-40,-3,4132,24,0,0,0,off,1,,
-97,-31,4073,4074.27,-32,-7,4251,26,0,0,0,off,1,,
-85,-32,3904,3905.06,-27,-7,4180,20,0,0,0,off,1,,
-102,-37,3935,3936.50,-22,-6,4166,22,0,0,0,off,1,,
-139,58,7487,7488.51,25,390,8393,15,0,0,0,off,1,,
-45,-4,7978,7978.13,-7,38,8084,29,0,0,0,off,1,,
-41,-6,7522,7522.11,62,227,8171,25,0,0,0,off,1,,
-32,-30,7956,7956.12,15,30,8068,18,0,0,0,off,1,,
-67,-12,7893,7893.29,53,58,8088,26,0,0,0,off,1,,
-65,-4,7777,7777.27,41,63,8415,16,0,0,0,off,1,,
-85,-6,7824,7824.46,6,54,8440,21,0,0,0,off,1,,
-37,-20,7408,7408.12,33,37,8226,23,0,0,0,off,1,,
-68,-135,7404,7405.54,567,78,8745,16,0,0,0,off,1,,
-96,-49,7797,7797.74,85,119,8343,19,0,0,0,off,1,,
-91,-33,7975,7975.59,-25,64,8156,30,0,0,0,off,1,,
-76,-92,8010,8010.89,244,166,8545,24,0,0,0,off,1,,
-572,-135,5995,6023.74,52,89,8300,17,0,0,0,off,1,,
-108,-175,7367,7369.87,-5,67,8287,28,0,0,0,off,1,,
-81,-383,7500,7510.21,33,-10,8817,29,0,0,0,off,1,,
-32,3504,6477,7364.14,1297,4474,7529,19,0,0,0,off,1,,
137,3441,6973,7777.02,913,3917,7437,22,0,0,0,off,1,,
38,-371,7987,7995.70,131,-234,8279,27,0,0,0,off,1,,
-31,-253,7843,7847.14,86,-36,8575,30,0,0,0,off,1,,
-46,-124,7318,7319.20,47,-36,8212,21,0,0,0,off,1,,
-99,-176,6725,6728.03,373,56,8962,16,0,0,0,off,1,,
-940,-161,1704,1952.73,125,526,8570,14,0,0,0,off,1,,
-33,-111,7714,7714.87,78,-29,8103,20,0,0,0,off,1,,
-1652,-164,6100,6321.87,305,553,11165,16,0,0,0,off,1,,
-91,-271,7711,7716.30,707,427,10208,16,0,0,0,off,1,,
-238,-189,7534,7540.13,64,44,8345,30,0,0,0,off,1,,
-116,-131,7888,7889.94,78,-36,8671,26,0,0,0,off,1,,
-63,-140,7534,7535.56,418,981,8556,19,0,0,0,off,1,,
-175,77,7971,7973.29,-71,110,8090,27,0,0,0,off,1,,
-216,45,7377,7380.30,-95,122,8187,17,0,0,0,off,1,,
-175,67,7587,7589.31,-107,130,8128,22,0,0,0,off,1,,
-286,-81,6967,6973.34,83,166,8607,24,0,0,0,off,1,,
-182,29,7124,7126.38,-94,354,8096,17,0,0,0,off,1,,
-839,-1063,5568,5730.32,561,1185,9050,20,0,0,0,off,1,,
21,2989,6933,7549.90,1177,3624,7578,30,0,0,0,off,1,,
165,2856,7210,7756.81,684,3243,7565,25,0,0,0,off,1,,
323,2035,7207,7495.76,730,2546,8144,18,0,0,0,off,1,,
-284,20,7917,7922.12,-182,59,8207,29,0,0,0,off,1,,
-306,-41,7827,7833.09,-85,149,8144,30,0,0,0,off,1,,
-529,-916,7588,7661.37,138,1174,8377,20,0,0,0,off,1,,
-259,-45,7916,7920.36,-41,209,8195,23,0,0,0,off,1,,
-129,68,7497,7498.42,35,400,8403,28,0,0,0,off,1,,
-29,12,7994,7994.06,9,54,8100,30,0,0,0,off,1,,
-27,8,7536,7536.05,76,241,8185,22,0,0,0,off,1,,
-22,-20,7966,7966.06,25,40,8078,17,0,0,0,off,1,,
-57,-2,7903,7903.21,63,68,8098,15,0,0,0,off,1,,
-49,12,7793,7793.16,57,79,8431,21,0,0,0,off,1,,
-73,6,7836,7836.34,18,66,8450,17,0,0,0,off,1,,
-27,-10,7418,7418.06,43,47,8236,15,0,0,0,off,1,,
-58,-125,7414,7415.28,577,88,8755,26,0,0,0,off,1,,
-86,-39,7807,7807.57,95,129,8353,22,0,0,0,off,1,,
-81,-23,7985,7985.44,-15,74,8166,15,0,0,0,off,1,,
-66,-82,8020,8020.69,254,176,8555,23,0,0,0,off,1,,
-562,-125,6005,6032.54,62,99,8310,13,0,0,0,off,1,,
-93,-160,7382,7384.32,10,82,8302,18,0,0,0,off,1,,
-80,-382,7501,7511.15,34,-9,8818,20,0,0,0,off,1,,
-22,3514,6487,7377.66,1307,4484,7539,13,0,0,0,off,1,,
147,3451,6983,7790.59,923,3927,7447,16,0,0,0,off,1,,
48,-361,7997,8005.29,141,-224,8289,27,0,0,0,off,1,,
-21,-243,7853,7856.79,96,-26,8585,21,0,0,0,off,1,,
-36,-114,7328,7328.98,57,-26,8222,14,0,0,0,off,1,,
-89,-166,6735,6737.63,383,66,8972,25,0,0,0,off,1,,
-930,-151,1714,1955.89,135,536,8580,26,0,0,0,off,1,,
-23,-101,7724,7724.69,88,-19,8113,16,0,0,0,off,1,,
-1642,-154,6110,6328.66,315,563,11175,19,0,0,0,off,1,,
-81,-261,7721,7725.83,717,437,10218,24,0,0,0,off,1,,
-228,-179,7544,7549.57,74,54,8355,27,0,0,0,off,1,,
-106,-121,7898,7899.64,88,-26,8681,18,0,0,0,off,1,,
-53,-130,7544,7545.31,428,991,8566,15,0,0,0,off,1,,
-165,87,7981,7983.18,-61,120,8100,18,0,0,0,off,1,,
-206,55,7387,7390.08,-85,132,8197,17,0,0,0,off,1,,
-165,77,7597,7599.18,-97,140,8138,18,0,0,0,off,1,,
-276,-71,6977,6982.82,93,176,8617,29,0,0,0,off,1,,
-172,39,7134,7136.18,-84,364,8106,27,0,0,0,off,1,,
-829,-1053,5578,5736.74,571,1195,9060,23,0,0,0,off,1,,
31,2999,6943,7563.08,1187,3634,7588,16,0,0,0,off,1,,
175,2866,7220,7770.01,694,3253,7575,24,0,0,0,off,1,,
333,2045,7217,7508.53,740,2556,8154,14,0,0,0,off,1,,
-274,30,7927,7931.79,-172,69,8217,19,0,0,0,off,1,,
-296,-31,7837,7842.65,-75,159,8154,21,0,0,0,off,1,,
-519,-906,7598,7669.41,148,1184,8387,15,0,0,0,off,1,,
-249,-35,7926,7929.99,-31,219,8205,17,0,0,0,off,1,,
-119,78,7507,7508.35,45,410,8413,27,0,0,0,off,1,,
-19,22,8004,8004.05,19,64,8110,22,0,0,0,off,1,,
-19,16,7544,7544.04,84,249,8193,15,0,0,0,off,1,,
-12,-10,7976,7976.02,35,50,8088,26,0,0,0,off,1,,
-47,8,7913,7913.14,73,78,8108,27,0,0,0,off,1,,
-39,22,7803,7803.13,67,89,8441,17,0,0,0,off,1,,
-63,16,7846,7846.27,28,76,8460,20,0,0,0,off,1,,
-17,0,7428,7428.02,53,57,8246,29,0,0,0,off,1,,
-48,-115,7424,7425.05,587,98,8765,30,0,0,0,off,1,,
-76,-29,7817,7817.42,105,139,8363,23,0,0,0,off,1,,
-80,-22,7986,7986.43,-14,75,8167,30,0,0,0,off,1,,
-56,-72,8030,8030.52,264,186,8565,21,0,0,0,off,1,,
-552,-115,6015,6041.37,72,109,8320,26,0,0,0,off,1,,
-83,-150,7392,7393.99,20,92,8312,28,0,0,0,off,1,,
-79,-381,7502,7512.08,35,-8,8819,21,0,0,0,off,1,,
-12,3524,6497,7391.19,1317,4494,7549,24,0,0,0,off,1,,
157,3461,6993,7804.18,933,3937,7457,30,0,0,0,off,1,,
58,-351,8007,8014.90,151,-214,8299,29,0,0,0,off,1,,
-11,-233,7863,7866.46,106,-16,8595,22,0,0,0,off,1,,
-152,45,7474,7475.68,12,377,8380,19,0,0,0,off,1,,
-52,-11,7971,7971.18,-14,31,8077,26,0,0,0,off,1,,
-54,-19,7509,7509.22,49,214,8158,18,0,0,0,off,1,,
-48,-46,7940,7940.28,-1,14,8052,27,0,0,0,off,1,,
-80,-25,7880,7880.45,40,45,8075,21,0,0,0,off,1,,
-72,-11,7770,7770.34,34,56,8408,24,0,0,0,off,1,,
-98,-19,7811,7811.64,-7,41,8427,26,0,0,0,off,1,,
-50,-33,7395,7395.24,20,24,8213,21,0,0,0,off,1,,
-81,-148,7391,7392.93,554,65,8732,19,0,0,0,off,1,,
-109,-62,7784,7785.01,72,106,8330,25,0,0,0,off,1,,
-104,-46,7962,7962.81,-38,51,8143,21,0,0,0,off,1,,
-89,-105,7997,7998.18,231,153,8532,16,0,0,0,off,1,,
-585,-148,5982,6012.36,39,76,8287,35,0,0,0,off,1,,
-121,-188,7354,7357.40,-18,54,8274,31,0,0,0,off,1,,
-94,-396,7487,7498.05,20,-23,8804,24,0,0,0,off,1,,
-45,3491,6464,7346.59,1284,4461,7516,30,0,0,0,off,1,,
124,3428,6960,7759.39,900,3904,7424,22,0,0,0,off,1,,
25,-384,7974,7983.28,118,-247,8266,27,0,0,0,off,1,,
-44,-266,7830,7834.64,73,-49,8562,29,0,0,0,off,1,,
-59,-137,7305,7306.52,34,-49,8199,22,0,0,0,off,1,,
-112,-189,6712,6715.59,360,43,8949,25,0,0,0,off,1,,
-953,-174,1691,1948.84,112,513,8557,35,0,0,0,off,1,,
-46,-124,7701,7702.14,65,-42,8090,30,0,0,0,off,1,,
-1665,-177,6087,6313.09,292,540,11152,23,0,0,0,off,1,,
-104,-284,7698,7703.94,694,414,10195,15,0,0,0,off,1,,
-251,-202,7521,7527.90,51,31,8332,19,0,0,0,off,1,,
-129,-144,7875,7877.37,65,-49,8658,25,0,0,0,off,1,,
-76,-153,7521,7522.94,405,968,8543,28,0,0,0,off,1,,
-188,64,7958,7960.48,-84,97,8077,26,0,0,0,off,1,,
-229,32,7364,7367.63,-108,109,8174,30,0,0,0,off,1,,
-188,54,7574,7576.53,-120,117,8115,27,0,0,0,off,1,,
-299,-94,6954,6961.06,70,153,8594,22,0,0,0,off,1,,
-195,16,7111,7113.69,-107,341,8083,20,0,0,0,off,1,,
-852,-1076,5555,5722.04,548,1172,9037,26,0,0,0,off,1,,
28,2996,6940,7559.13,1184,3631,7585,22,0,0,0,off,1,,
152,2843,7197,7739.67,671,3230,7552,20,0,0,0,off,1,,
310,2022,7194,7479.19,717,2533,8131,29,0,0,0,off,1,,
